Entity,Code,Year,Gas Production - TWh
Africa,,1970,30.1721625
Africa,,1971,37.02290194444444
Africa,,1972,65.1348461111111
Africa,,1973,98.3221525
Africa,,1974,102.60499666666666
Africa,,1975,115.33114861111112
Africa,,1976,137.28213416666668
Africa,,1977,139.97684944444444
Africa,,1978,186.69027666666668
Africa,,1979,283.32994499999995
Africa,,1980,248.3033888888889
Africa,,1981,264.74803944444443
Africa,,1982,325.11289277777774
Africa,,1983,436.9568288888889
Africa,,1984,458.6506938888889
Africa,,1985,505.6782097222222
Africa,,1986,530.1431319444445
Africa,,1987,578.9781925
Africa,,1988,617.5322794444444
Africa,,1989,677.4079680555556
Africa,,1990,721.5905930555555
Africa,,1991,773.45173
Africa,,1992,808.2827991666667
Africa,,1993,833.4067216666666
Africa,,1994,789.6462175
Africa,,1995,872.7052224999999
Africa,,1996,933.325003611111
Africa,,1997,1041.611023888889
Africa,,1998,1109.316353888889
Africa,,1999,1216.7257452777776
Africa,,2000,1351.0124297222224
Africa,,2001,1388.4131452777776
Africa,,2002,1449.4239955555556
Africa,,2003,1556.2820244444445
Africa,,2004,1636.2527052777775
Africa,,2005,1701.064934722222
Africa,,2006,1842.0569013888887
Africa,,2007,1957.3491005555557
Africa,,2008,2029.1281625
Africa,,2009,1913.575300833333
Africa,,2010,2015.298361388889
Africa,,2011,2006.1346691666663
Africa,,2012,2067.2793791666663
Africa,,2013,1991.0166705555555
Africa,,2014,2035.0489741666663
Africa,,2015,2079.924261388889
Africa,,2016,2118.779268888889
Africa,,2017,2294.929831111111
Africa,,2018,2414.378688333333
Africa,,2019,2437.7666994444444
Africa,,2020,2312.992040277777
Algeria,DZA,1970,24.380125
Algeria,DZA,1971,25.69875
Algeria,DZA,1972,32.561375
Algeria,DZA,1973,43.21625
Algeria,DZA,1974,49.963375
Algeria,DZA,1975,61.523
Algeria,DZA,1976,77.490875
Algeria,DZA,1977,74.1654375
Algeria,DZA,1978,115.01875
Algeria,DZA,1979,188.5345
Algeria,DZA,1980,154.0975
Algeria,DZA,1981,178.64843
Algeria,DZA,1982,233.10009
Algeria,DZA,1983,333.79263
Algeria,DZA,1984,339.75882
Algeria,DZA,1985,373.38115
Algeria,DZA,1986,381.89431
Algeria,DZA,1987,431.0078
Algeria,DZA,1988,450.58109
Algeria,DZA,1989,485.83162
Algeria,DZA,1990,516.56971
Algeria,DZA,1991,557.0304799999999
Algeria,DZA,1992,580.01136
Algeria,DZA,1993,587.46619
Algeria,DZA,1994,540.10883
Algeria,DZA,1995,614.91299
Algeria,DZA,1996,652.51278
Algeria,DZA,1997,748.58821
Algeria,DZA,1998,801.62101
Algeria,DZA,1999,901.06914
Algeria,DZA,2000,918.8863
Algeria,DZA,2001,864.72539
Algeria,DZA,2002,889.4158799999999
Algeria,DZA,2003,938.57589
Algeria,DZA,2004,920.54939
Algeria,DZA,2005,849.1175
Algeria,DZA,2006,812.994875
Algeria,DZA,2007,816.459875
Algeria,DZA,2008,826.0078749999999
Algeria,DZA,2009,765.6687499999999
Algeria,DZA,2010,773.9654999999999
Algeria,DZA,2011,795.9875
Algeria,DZA,2012,784.4375
Algeria,DZA,2013,793.38875
Algeria,DZA,2014,801.7239999999999
Algeria,DZA,2015,814.111375
Algeria,DZA,2016,913.922625
Algeria,DZA,2017,929.765375
Algeria,DZA,2018,938.4375
Algeria,DZA,2019,869.5225
Algeria,DZA,2020,814.56375
Argentina,ARG,1970,58.5445
Argentina,ARG,1971,63.2659875
Argentina,ARG,1972,60.1394
Argentina,ARG,1973,65.48815
Argentina,ARG,1974,70.4868
Argentina,ARG,1975,74.8047
Argentina,ARG,1976,71.32315
Argentina,ARG,1977,73.61824999999999
Argentina,ARG,1978,75.95225
Argentina,ARG,1979,70.31175
Argentina,ARG,1980,81.6462375
Argentina,ARG,1981,84.9527375
Argentina,ARG,1982,95.20775
Argentina,ARG,1983,127.7865
Argentina,ARG,1984,131.093
Argentina,ARG,1985,135.08025
Argentina,ARG,1986,150.83475
Argentina,ARG,1987,147.33374999999998
Argentina,ARG,1988,174.661
Argentina,ARG,1989,184.67775
Argentina,ARG,1990,173.494
Argentina,ARG,1991,193.81925
Argentina,ARG,1992,195.37525
Argentina,ARG,1993,209.282
Argentina,ARG,1994,216.57575
Argentina,ARG,1995,243.22225
Argentina,ARG,1996,281.34425
Argentina,ARG,1997,266.2705
Argentina,ARG,1998,287.76275
Argentina,ARG,1999,336.19325000000003
Argentina,ARG,2000,363.81225
Argentina,ARG,2001,361.1865
Argentina,ARG,2002,351.16975
Argentina,ARG,2003,399.114
Argentina,ARG,2004,436.458
Argentina,ARG,2005,443.75175
Argentina,ARG,2006,448.3225
Argentina,ARG,2007,435.97175
Argentina,ARG,2008,428.4835
Argentina,ARG,2009,403.0119119444444
Argentina,ARG,2010,389.9699575
Argentina,ARG,2011,377.1784511111111
Argentina,ARG,2012,366.9120330555555
Argentina,ARG,2013,345.5585355555555
Argentina,ARG,2014,344.8587955555556
Argentina,ARG,2015,354.9114425
Argentina,ARG,2016,372.8235641666667
Argentina,ARG,2017,371.49888277777774
Argentina,ARG,2018,394.2538986111111
Argentina,ARG,2019,416.1581658333333
Argentina,ARG,2020,382.9157147222222
Asia Pacific,,1970,151.01651694444442
Asia Pacific,,1971,178.60784333333334
Asia Pacific,,1972,207.66739027777777
Asia Pacific,,1973,257.71795055555555
Asia Pacific,,1974,313.50861999999995
Asia Pacific,,1975,355.13748333333336
Asia Pacific,,1976,409.6299247222223
Asia Pacific,,1977,498.73898305555554
Asia Pacific,,1978,593.4844672222222
Asia Pacific,,1979,674.993125
Asia Pacific,,1980,719.0155641666668
Asia Pacific,,1981,722.3736102777777
Asia Pacific,,1982,750.6736008333332
Asia Pacific,,1983,847.5098044444444
Asia Pacific,,1984,986.2842441666666
Asia Pacific,,1985,1069.3480813888889
Asia Pacific,,1986,1179.9270386111111
Asia Pacific,,1987,1255.2443780555554
Asia Pacific,,1988,1340.994751111111
Asia Pacific,,1989,1383.829013888889
Asia Pacific,,1990,1492.5189555555555
Asia Pacific,,1991,1623.8664691666668
Asia Pacific,,1992,1717.1842227777777
Asia Pacific,,1993,1818.4128513888888
Asia Pacific,,1994,1982.165216111111
Asia Pacific,,1995,2083.016143888889
Asia Pacific,,1996,2274.2429327777777
Asia Pacific,,1997,2421.380018888889
Asia Pacific,,1998,2461.1937780555554
Asia Pacific,,1999,2615.251336111111
Asia Pacific,,2000,2774.5473761111107
Asia Pacific,,2001,2854.936505555556
Asia Pacific,,2002,3040.8727388888888
Asia Pacific,,2003,3232.6134
Asia Pacific,,2004,3443.7746472222225
Asia Pacific,,2005,3720.242711111111
Asia Pacific,,2006,3895.229594444445
Asia Pacific,,2007,4070.5601888888887
Asia Pacific,,2008,4262.724786111111
Asia Pacific,,2009,4445.349491666666
Asia Pacific,,2010,4881.119147222222
Asia Pacific,,2011,4925.5615333333335
Asia Pacific,,2012,5021.165444444444
Asia Pacific,,2013,5121.859705555556
Asia Pacific,,2014,5332.6825944444445
Asia Pacific,,2015,5600.3349638888885
Asia Pacific,,2016,5790.350044444444
Asia Pacific,,2017,6046.194930555555
Asia Pacific,,2018,6266.163372222221
Asia Pacific,,2019,6582.404930555555
Asia Pacific,,2020,6520.7754
Australia,AUS,1970,17.30397472222222
Australia,AUS,1971,25.826679444444444
Australia,AUS,1972,37.074262777777776
Australia,AUS,1973,47.0688
Australia,AUS,1974,53.701990277777774
Australia,AUS,1975,57.66997055555555
Australia,AUS,1976,68.0772175
Australia,AUS,1977,77.76843777777778
Australia,AUS,1978,83.72538055555556
Australia,AUS,1979,96.37518277777778
Australia,AUS,1980,110.66587916666668
Australia,AUS,1981,119.9443897222222
Australia,AUS,1982,116.98083527777776
Australia,AUS,1983,127.07482055555556
Australia,AUS,1984,125.31726388888887
Australia,AUS,1985,133.95262333333332
Australia,AUS,1986,146.3292813888889
Australia,AUS,1987,149.39459083333335
Australia,AUS,1988,152.99339
Australia,AUS,1989,177.07563972222223
Australia,AUS,1990,206.1114705555556
Australia,AUS,1991,215.765
Australia,AUS,1992,233.3359530555556
Australia,AUS,1993,243.83902805555556
Australia,AUS,1994,279.9121663888889
Australia,AUS,1995,295.9596836111112
Australia,AUS,1996,296.33702944444445
Australia,AUS,1997,296.3764705555556
Australia,AUS,1998,302.7370791666666
Australia,AUS,1999,307.1253308333333
Australia,AUS,2000,311.92330416666664
Australia,AUS,2001,326.4131783333333
Australia,AUS,2002,330.0115969444444
Australia,AUS,2003,337.4522586111111
Australia,AUS,2004,359.3031261111111
Australia,AUS,2005,382.3527969444445
Australia,AUS,2006,406.8222719444444
Australia,AUS,2007,427.5118480555556
Australia,AUS,2008,416.8290344444444
Australia,AUS,2009,466.9759283333333
Australia,AUS,2010,526.2550944444445
Australia,AUS,2011,541.6328149999999
Australia,AUS,2012,579.6200830555556
Australia,AUS,2013,602.5001936111111
Australia,AUS,2014,649.2760794444445
Australia,AUS,2015,740.9851919444444
Australia,AUS,2016,939.9792861111112
Australia,AUS,2017,1101.2462725
Australia,AUS,2018,1260.157753888889
Australia,AUS,2019,1431.4901883333332
Australia,AUS,2020,1425.1601519444446
Azerbaijan,AZE,1985,137.17212388888888
Azerbaijan,AZE,1986,132.58997055555557
Azerbaijan,AZE,1987,121.86578166666666
Azerbaijan,AZE,1988,116.01622416666666
Azerbaijan,AZE,1989,108.21681416666668
Azerbaijan,AZE,1990,96.51769916666666
Azerbaijan,AZE,1991,83.84365777777778
Azerbaijan,AZE,1992,77.01917416666666
Azerbaijan,AZE,1993,66.29498527777778
Azerbaijan,AZE,1994,62.39528027777778
Azerbaijan,AZE,1995,64.34513277777778
Azerbaijan,AZE,1996,57.29641583333333
Azerbaijan,AZE,1997,54.5666225
Azerbaijan,AZE,1998,50.92039833333333
Azerbaijan,AZE,1999,54.5666225
Azerbaijan,AZE,2000,51.44685833333333
Azerbaijan,AZE,2001,50.432935
Azerbaijan,AZE,2002,46.776961666666665
Azerbaijan,AZE,2003,46.63072277777778
Azerbaijan,AZE,2004,45.43156333333334
Azerbaijan,AZE,2005,55.88374777777777
Azerbaijan,AZE,2006,65.93816222222222
Azerbaijan,AZE,2007,105.60498666666666
Azerbaijan,AZE,2008,159.2688275
Azerbaijan,AZE,2009,159.1342875
Azerbaijan,AZE,2010,162.54652944444445
Azerbaijan,AZE,2011,159.5115841666667
Azerbaijan,AZE,2012,168.0977597222222
Azerbaijan,AZE,2013,174.46402805555553
Azerbaijan,AZE,2014,183.840775
Azerbaijan,AZE,2015,187.840525
Azerbaijan,AZE,2016,182.7754
Azerbaijan,AZE,2017,177.586275
Azerbaijan,AZE,2018,190.4661586111111
Azerbaijan,AZE,2019,243.1822305555556
Azerbaijan,AZE,2020,258.43546638888887
Bahrain,BHR,1970,6.50117
Bahrain,BHR,1971,9.47845
Bahrain,BHR,1972,11.827710000000002
Bahrain,BHR,1973,16.77046
Bahrain,BHR,1974,20.67814
Bahrain,BHR,1975,21.75973
Bahrain,BHR,1976,22.80643
Bahrain,BHR,1977,24.73701
Bahrain,BHR,1978,27.17931
Bahrain,BHR,1979,30.13333
Bahrain,BHR,1980,24.45789
Bahrain,BHR,1981,22.6785
Bahrain,BHR,1982,35.80877
Bahrain,BHR,1983,37.53001
Bahrain,BHR,1984,38.66975
Bahrain,BHR,1985,47.20617
Bahrain,BHR,1986,54.04461
Bahrain,BHR,1987,52.50945
Bahrain,BHR,1988,55.77748
Bahrain,BHR,1989,58.02207
Bahrain,BHR,1990,60.76675
Bahrain,BHR,1991,57.92903
Bahrain,BHR,1992,67.6866
Bahrain,BHR,1993,72.50142
Bahrain,BHR,1994,74.22265999999999
Bahrain,BHR,1995,75.45544
Bahrain,BHR,1996,77.70003
Bahrain,BHR,1997,83.42199000000001
Bahrain,BHR,1998,87.71346
Bahrain,BHR,1999,90.76052
Bahrain,BHR,2000,91.74907
Bahrain,BHR,2001,95.54045
Bahrain,BHR,2002,98.99456
Bahrain,BHR,2003,100.77395
Bahrain,BHR,2004,92.69888888888887
Bahrain,BHR,2005,101.74285194444444
Bahrain,BHR,2006,107.63207166666666
Bahrain,BHR,2007,111.98626333333333
Bahrain,BHR,2008,120.17578277777775
Bahrain,BHR,2009,121.33504388888888
Bahrain,BHR,2010,124.28656055555554
Bahrain,BHR,2011,126.2407925
Bahrain,BHR,2012,130.518545
Bahrain,BHR,2013,139.5782986111111
Bahrain,BHR,2014,146.9652477777778
Bahrain,BHR,2015,145.843455
Bahrain,BHR,2016,144.4137102777778
Bahrain,BHR,2017,144.66323055555554
Bahrain,BHR,2018,146.47456138888887
Bahrain,BHR,2019,162.65963194444444
Bahrain,BHR,2020,164.36818055555554
Bangladesh,BGD,1971,0
Bangladesh,BGD,1972,4.39614
Bangladesh,BGD,1973,6.08249
Bangladesh,BGD,1974,6.687250000000001
Bangladesh,BGD,1975,6.72214
Bangladesh,BGD,1976,8.850430000000001
Bangladesh,BGD,1977,9.87387
Bangladesh,BGD,1978,10.89731
Bangladesh,BGD,1979,12.53714
Bangladesh,BGD,1980,14.11882
Bangladesh,BGD,1981,13.613856666666663
Bangladesh,BGD,1982,17.674846944444447
Bangladesh,BGD,1983,19.667185
Bangladesh,BGD,1984,22.70066305555555
Bangladesh,BGD,1985,25.780474444444444
Bangladesh,BGD,1986,29.07014888888889
Bangladesh,BGD,1987,34.155926111111114
Bangladesh,BGD,1988,40.20107805555556
Bangladesh,BGD,1989,42.49867166666666
Bangladesh,BGD,1990,45.74201305555555
Bangladesh,BGD,1991,47.107486944444446
Bangladesh,BGD,1992,51.37016388888889
Bangladesh,BGD,1993,57.50253166666666
Bangladesh,BGD,1994,60.98571666666666
Bangladesh,BGD,1995,67.42334027777778
Bangladesh,BGD,1996,72.36466583333333
Bangladesh,BGD,1997,71.13274138888889
Bangladesh,BGD,1998,76.8644611111111
Bangladesh,BGD,1999,83.80357611111111
Bangladesh,BGD,2000,90.58188666666668
Bangladesh,BGD,2001,101.43208944444444
Bangladesh,BGD,2002,106.71137666666668
Bangladesh,BGD,2003,114.78429833333333
Bangladesh,BGD,2004,123.40231916666666
Bangladesh,BGD,2005,132.63357694444446
Bangladesh,BGD,2006,143.63368194444445
Bangladesh,BGD,2007,153.36370555555555
Bangladesh,BGD,2008,163.76420138888886
Bangladesh,BGD,2009,187.4673830555556
Bangladesh,BGD,2010,192.53727138888888
Bangladesh,BGD,2011,195.821495
Bangladesh,BGD,2012,213.3627925
Bangladesh,BGD,2013,219.52786638888887
Bangladesh,BGD,2014,230.22271583333333
Bangladesh,BGD,2015,258.5406275
Bangladesh,BGD,2016,264.50946555555555
Bangladesh,BGD,2017,265.9267238888889
Bangladesh,BGD,2018,265.81770416666666
Bangladesh,BGD,2019,252.84433916666663
Bangladesh,BGD,2020,247.1384813888889
Bolivia,BOL,1970,0.41868
Bolivia,BOL,1971,0.41868
Bolivia,BOL,1972,11.1648
Bolivia,BOL,1973,17.2124
Bolivia,BOL,1974,18.01487
Bolivia,BOL,1975,17.75901
Bolivia,BOL,1976,18.30562
Bolivia,BOL,1977,19.31743
Bolivia,BOL,1978,19.03831
Bolivia,BOL,1979,20.8177
Bolivia,BOL,1980,25.52785
Bolivia,BOL,1981,27.22583
Bolivia,BOL,1982,28.23764
Bolivia,BOL,1983,27.10953
Bolivia,BOL,1984,26.07446
Bolivia,BOL,1985,25.84186
Bolivia,BOL,1986,26.31869
Bolivia,BOL,1987,27.52821
Bolivia,BOL,1988,29.09826
Bolivia,BOL,1989,30.69157
Bolivia,BOL,1990,31.366110000000003
Bolivia,BOL,1991,31.18003
Bolivia,BOL,1992,28.31123361111111
Bolivia,BOL,1993,28.246837777777777
Bolivia,BOL,1994,30.458205
Bolivia,BOL,1995,30.433669166666668
Bolivia,BOL,1996,30.733115833333333
Bolivia,BOL,1997,25.904449166666662
Bolivia,BOL,1998,27.05500305555556
Bolivia,BOL,1999,21.78406055555556
Bolivia,BOL,2000,31.22402583333333
Bolivia,BOL,2001,45.47095305555556
Bolivia,BOL,2002,58.25845805555556
Bolivia,BOL,2003,66.95388666666666
Bolivia,BOL,2004,94.1988036111111
Bolivia,BOL,2005,116.21581333333332
Bolivia,BOL,2006,124.45292888888888
Bolivia,BOL,2007,133.30192555555556
Bolivia,BOL,2008,137.92018944444445
Bolivia,BOL,2009,118.81584305555556
Bolivia,BOL,2010,137.14502305555555
Bolivia,BOL,2011,150.3400125
Bolivia,BOL,2012,171.3978363888889
Bolivia,BOL,2013,195.75464166666663
Bolivia,BOL,2014,202.7682461111111
Bolivia,BOL,2015,195.60595694444444
Bolivia,BOL,2016,187.74545444444445
Bolivia,BOL,2017,182.3577483333333
Bolivia,BOL,2018,170.36033972222222
Bolivia,BOL,2019,149.5034372222222
Bolivia,BOL,2020,144.0965283333333
Brazil,BRA,1970,0.8110124999999999
Brazil,BRA,1971,1.2874822222222222
Brazil,BRA,1972,1.753814166666667
Brazil,BRA,1973,2.007255555555556
Brazil,BRA,1974,3.862446388888889
Brazil,BRA,1975,4.2071266666666665
Brazil,BRA,1976,4.845798888888889
Brazil,BRA,1977,6.031904722222222
Brazil,BRA,1978,7.937783888888888
Brazil,BRA,1979,8.698107777777777
Brazil,BRA,1980,10.16806777777778
Brazil,BRA,1981,9.123889444444444
Brazil,BRA,1982,13.037024166666663
Brazil,BRA,1983,17.629381944444443
Brazil,BRA,1984,20.51861333333333
Brazil,BRA,1985,25.73950583333333
Brazil,BRA,1986,29.97704555555556
Brazil,BRA,1987,33.484673888888885
Brazil,BRA,1988,33.697564722222225
Brazil,BRA,1989,34.54912777777778
Brazil,BRA,1990,31.455135833333333
Brazil,BRA,1991,32.700607500000004
Brazil,BRA,1992,37.04399444444445
Brazil,BRA,1993,43.39462694444445
Brazil,BRA,1994,47.39170166666666
Brazil,BRA,1995,52.304946388888894
Brazil,BRA,1996,57.15754777777778
Brazil,BRA,1997,62.21663305555556
Brazil,BRA,1998,65.17324972222222
Brazil,BRA,1999,76.52523333333333
Brazil,BRA,2000,77.09713111111111
Brazil,BRA,2001,78.73798055555555
Brazil,BRA,2002,95.1257575
Brazil,BRA,2003,103.34111305555555
Brazil,BRA,2004,113.65777777777777
Brazil,BRA,2005,112.41440722222222
Brazil,BRA,2006,114.78471611111112
Brazil,BRA,2007,115.57735083333333
Brazil,BRA,2008,143.7606972222222
Brazil,BRA,2009,122.76942444444444
Brazil,BRA,2010,150.20553361111112
Brazil,BRA,2011,172.26965222222222
Brazil,BRA,2012,198.3284958333333
Brazil,BRA,2013,219.4959444444445
Brazil,BRA,2014,233.4767608333333
Brazil,BRA,2015,238.04495027777776
Brazil,BRA,2016,241.2357772222222
Brazil,BRA,2017,271.8142186111111
Brazil,BRA,2018,251.6235675
Brazil,BRA,2019,257.46527055555555
Brazil,BRA,2020,239.281805
Brunei,BRN,1970,2.13525
Brunei,BRN,1971,2.11575
Brunei,BRN,1972,4.343624999999999
Brunei,BRN,1973,18.968625
Brunei,BRN,1974,41.17425
Brunei,BRN,1975,53.9955
Brunei,BRN,1976,71.214
Brunei,BRN,1977,81.72449999999999
Brunei,BRN,1978,80.101125
Brunei,BRN,1979,83.91824999999999
Brunei,BRN,1980,84.23025
Brunei,BRN,1981,81.549
Brunei,BRN,1982,81.45150000000001
Brunei,BRN,1983,84.95174999999999
Brunei,BRN,1984,85.96575
Brunei,BRN,1985,83.806125
Brunei,BRN,1986,84.0255
Brunei,BRN,1987,83.8305
Brunei,BRN,1988,87.09675
Brunei,BRN,1989,85.3515
Brunei,BRN,1990,87.023625
Brunei,BRN,1991,88.33500000000001
Brunei,BRN,1992,95.082
Brunei,BRN,1993,100.673625
Brunei,BRN,1994,101.31225
Brunei,BRN,1995,114.66975
Brunei,BRN,1996,113.67525
Brunei,BRN,1997,113.763
Brunei,BRN,1998,105.01725
Brunei,BRN,1999,109.47299999999998
Brunei,BRN,2000,110.1555
Brunei,BRN,2001,111.12075
Brunei,BRN,2002,111.72525
Brunei,BRN,2003,120.4515
Brunei,BRN,2004,119.26822194444443
Brunei,BRN,2005,117.0944247222222
Brunei,BRN,2006,122.56126583333334
Brunei,BRN,2007,119.47628527777778
Brunei,BRN,2008,118.4999736111111
Brunei,BRN,2009,111.28609277777778
Brunei,BRN,2010,119.75347694444444
Brunei,BRN,2011,124.78791
Brunei,BRN,2012,122.51276416666666
Brunei,BRN,2013,119.0131372222222
Brunei,BRN,2014,126.88146416666666
Brunei,BRN,2015,132.91452083333334
Brunei,BRN,2016,129.42844666666664
Brunei,BRN,2017,128.54908138888888
Brunei,BRN,2018,125.65272111111112
Brunei,BRN,2019,129.80136055555556
Brunei,BRN,2020,126.4078975
CIS,,1970,1875.0138644444444
CIS,,1971,2011.937380555556
CIS,,1972,2097.1889644444445
CIS,,1973,2238.3276977777778
CIS,,1974,2468.5069744444445
CIS,,1975,2740.061686388889
CIS,,1976,3040.194625
CIS,,1977,3277.4782
CIS,,1978,3525.569780555556
CIS,,1979,3851.448694444444
CIS,,1980,4122.387702777778
CIS,,1981,4407.506888888888
CIS,,1982,4742.829786111111
CIS,,1983,5074.363722222222
CIS,,1984,5564.086711111111
CIS,,1985,5546.542197222222
CIS,,1986,5974.474925
CIS,,1987,6390.539713888888
CIS,,1988,6810.842922222222
CIS,,1989,7065.637486111111
CIS,,1990,7309.3602694444435
CIS,,1991,7198.1563166666665
CIS,,1992,6949.996452777778
CIS,,1993,6799.623744444444
CIS,,1994,6433.161655555556
CIS,,1995,6247.539702777777
CIS,,1996,6390.786566666667
CIS,,1997,5961.192886111111
CIS,,1998,6138.807944444444
CIS,,1999,6280.9309277777775
CIS,,2000,6441.580719444445
CIS,,2001,6462.425511111111
CIS,,2002,6636.514255555556
CIS,,2003,6939.581738888888
CIS,,2004,7096.317977777778
CIS,,2005,7261.519588888888
CIS,,2006,7450.161430555555
CIS,,2007,7558.944074999999
CIS,,2008,7758.163497222222
CIS,,2009,6706.422008333333
CIS,,2010,7400.108641666667
CIS,,2011,7754.005180555556
CIS,,2012,7641.623652777777
CIS,,2013,7782.733480555556
CIS,,2014,7613.820963888888
CIS,,2015,7549.336683333334
CIS,,2016,7563.122038888889
CIS,,2017,8001.506686111111
CIS,,2018,8412.752652777777
CIS,,2019,8581.781766666667
CIS,,2020,8023.755580555556
Canada,CAN,1970,540.16275
Canada,CAN,1971,590.5500000000001
Canada,CAN,1972,666.75
Canada,CAN,1973,714.375
Canada,CAN,1974,699.5541
Canada,CAN,1975,714.5655
Canada,CAN,1976,720.852
Canada,CAN,1977,757.2375000000001
Canada,CAN,1978,730.7579999999999
Canada,CAN,1979,770.5725
Canada,CAN,1980,712.2795
Canada,CAN,1981,688.2765
Canada,CAN,1982,722.47125
Canada,CAN,1983,679.5135
Canada,CAN,1984,744.75975
Canada,CAN,1985,805.13682
Canada,CAN,1986,755.151525
Canada,CAN,1987,818.565165
Canada,CAN,1988,945.26862
Canada,CAN,1989,1004.2693275
Canada,CAN,1990,1034.4778649999998
Canada,CAN,1991,1088.785605
Canada,CAN,1992,1199.64708
Canada,CAN,1993,1320.6402975
Canada,CAN,1994,1429.4710425
Canada,CAN,1995,1527.4125
Canada,CAN,1996,1539.18075
Canada,CAN,1997,1597.309
Canada,CAN,1998,1656.041
Canada,CAN,1999,1705.402
Canada,CAN,2000,1763.04675
Canada,CAN,2001,1794.19225
Canada,CAN,2002,1807.22575
Canada,CAN,2003,1760.4699999999998
Canada,CAN,2004,1767.352
Canada,CAN,2005,1791.5245
Canada,CAN,2006,1793.974
Canada,CAN,2007,1746.79125
Canada,CAN,2008,1664.916
Canada,CAN,2009,1550.50825
Canada,CAN,2010,1495.91075
Canada,CAN,2011,1510.71325
Canada,CAN,2012,1503.052
Canada,CAN,2013,1519.2035
Canada,CAN,2014,1589.9160000000002
Canada,CAN,2015,1607.55675
Canada,CAN,2016,1719.83325
Canada,CAN,2017,1739.01975
Canada,CAN,2018,1767.76275
Canada,CAN,2019,1689.8585
Canada,CAN,2020,1651.9486941666669
China,CHN,1970,28.92576194444444
China,CHN,1971,37.69419861111111
China,CHN,1972,48.7807275
China,CHN,1973,60.27040305555556
China,CHN,1974,75.89233027777777
China,CHN,1975,89.19616527777777
China,CHN,1976,101.79449361111112
China,CHN,1977,122.1533922222222
China,CHN,1978,138.38003944444444
China,CHN,1979,146.2413963888889
China,CHN,1980,143.82251722222225
China,CHN,1981,128.40216333333333
China,CHN,1982,120.23844638888887
China,CHN,1983,123.06047194444444
China,CHN,1984,125.27777777777776
China,CHN,1985,130.31710916666668
China,CHN,1986,138.68239916666667
China,CHN,1987,139.9926252777778
China,CHN,1988,143.72173055555555
China,CHN,1989,151.67379555555553
China,CHN,1990,154.1833825
China,CHN,1991,156.11848583333335
China,CHN,1992,159.14208444444444
China,CHN,1993,168.9687808333333
China,CHN,1994,176.97123888888888
China,CHN,1995,180.9119961111111
China,CHN,1996,202.72222222222223
China,CHN,1997,228.81588
China,CHN,1998,234.62118972222223
China,CHN,1999,253.9621436111111
China,CHN,2000,274.13962638888887
China,CHN,2001,305.67576194444445
China,CHN,2002,329.1792036111111
China,CHN,2003,352.90437555555553
China,CHN,2004,417.8613569444444
China,CHN,2005,497.0796461111111
China,CHN,2006,590.1359391666666
China,CHN,2007,697.8466077777778
China,CHN,2008,809.3166174999999
China,CHN,2009,859.3974925
China,CHN,2010,965.4451819444444
China,CHN,2011,1061.656096388889
China,CHN,2012,1114.7807274999998
China,CHN,2013,1218.1071780555556
China,CHN,2014,1311.8085052777778
China,CHN,2015,1356.6887905555554
China,CHN,2016,1379.4161749999998
China,CHN,2017,1491.9948377777778
China,CHN,2018,1614.188544722222
China,CHN,2019,1775.5983283333333
China,CHN,2020,1940.142576111111
Colombia,COL,1970,12.49325
Colombia,COL,1971,13.0045
Colombia,COL,1972,15.8855
Colombia,COL,1973,16.46
Colombia,COL,1974,17.1255
Colombia,COL,1975,14.91575
Colombia,COL,1976,15.148
Colombia,COL,1977,17.17475
Colombia,COL,1978,22.80825
Colombia,COL,1979,26.056
Colombia,COL,1980,27.84475
Colombia,COL,1981,30.519
Colombia,COL,1982,32.536
Colombia,COL,1983,35.74549999999999
Colombia,COL,1984,36.34075
Colombia,COL,1985,37.0675
Colombia,COL,1986,36.12649999999999
Colombia,COL,1987,38.06925
Colombia,COL,1988,36.71075
Colombia,COL,1989,37.1025
Colombia,COL,1990,39.246
Colombia,COL,1991,38.8615
Colombia,COL,1992,39.809
Colombia,COL,1993,38.97375
Colombia,COL,1994,40.2045
Colombia,COL,1995,42.149
Colombia,COL,1996,45.4685
Colombia,COL,1997,56.74
Colombia,COL,1998,64.8955
Colombia,COL,1999,56.929
Colombia,COL,2000,57.35807361111111
Colombia,COL,2001,59.38993111111111
Colombia,COL,2002,59.986815
Colombia,COL,2003,57.49979944444445
Colombia,COL,2004,61.34820027777778
Colombia,COL,2005,64.46344277777779
Colombia,COL,2006,67.64682277777777
Colombia,COL,2007,72.57884222222222
Colombia,COL,2008,87.18864444444445
Colombia,COL,2009,101.11819694444443
Colombia,COL,2010,108.43387777777778
Colombia,COL,2011,105.45846444444445
Colombia,COL,2012,115.25647666666666
Colombia,COL,2013,132.23475916666666
Colombia,COL,2014,123.32834194444445
Colombia,COL,2015,116.10315833333334
Colombia,COL,2016,120.20202388888887
Colombia,COL,2017,122.8794625
Colombia,COL,2018,128.56518194444445
Colombia,COL,2019,131.93889416666667
Colombia,COL,2020,132.58293444444445
Denmark,DNK,1970,0
Denmark,DNK,1971,0
Denmark,DNK,1972,0
Denmark,DNK,1973,0
Denmark,DNK,1974,0
Denmark,DNK,1975,0
Denmark,DNK,1976,0
Denmark,DNK,1977,0
Denmark,DNK,1978,0
Denmark,DNK,1979,0
Denmark,DNK,1980,0
Denmark,DNK,1981,0
Denmark,DNK,1982,0
Denmark,DNK,1983,0
Denmark,DNK,1984,2.4186
Denmark,DNK,1985,11.69685
Denmark,DNK,1986,19.838775
Denmark,DNK,1987,25.2858375
Denmark,DNK,1988,24.9730875
Denmark,DNK,1989,32.0256
Denmark,DNK,1990,32.703225
Denmark,DNK,1991,41.08823361111111
Denmark,DNK,1992,42.79899555555556
Denmark,DNK,1993,46.95290111111111
Denmark,DNK,1994,50.87366027777777
Denmark,DNK,1995,55.08505083333333
Denmark,DNK,1996,66.93522222222222
Denmark,DNK,1997,81.939125
Denmark,DNK,1998,78.86699805555556
Denmark,DNK,1999,80.85002416666667
Denmark,DNK,2000,84.99486305555556
Denmark,DNK,2001,87.38350055555556
Denmark,DNK,2002,88.42309583333332
Denmark,DNK,2003,83.76553777777778
Denmark,DNK,2004,98.75830833333332
Denmark,DNK,2005,109.13009388888888
Denmark,DNK,2006,108.42959027777778
Denmark,DNK,2007,96.15170555555557
Denmark,DNK,2008,104.9011561111111
Denmark,DNK,2009,87.56751916666666
Denmark,DNK,2010,85.35938777777778
Denmark,DNK,2011,68.57122944444444
Denmark,DNK,2012,59.911949444444446
Denmark,DNK,2013,49.73585416666667
Denmark,DNK,2014,48.006543333333326
Denmark,DNK,2015,47.9354525
Denmark,DNK,2016,47.00102638888888
Denmark,DNK,2017,50.50028638888889
Denmark,DNK,2018,42.927613888888885
Denmark,DNK,2019,32.02556777777777
Denmark,DNK,2020,13.796929722222222
Egypt,EGY,1970,0.818125
Egypt,EGY,1971,0.818125
Egypt,EGY,1972,0.683375
Egypt,EGY,1973,0.5486249999999999
Egypt,EGY,1974,0.5775
Egypt,EGY,1975,0.48125
Egypt,EGY,1976,3.6575
Egypt,EGY,1977,4.427499999999999
Egypt,EGY,1978,7.1225
Egypt,EGY,1979,10.78
Egypt,EGY,1980,20.9825
Egypt,EGY,1981,23.485
Egypt,EGY,1982,25.69875
Egypt,EGY,1983,30.12625
Egypt,EGY,1984,38.6925
Egypt,EGY,1985,47.45125
Egypt,EGY,1986,54.67
Egypt,EGY,1987,60.44499999999999
Egypt,EGY,1988,66.60499999999999
Egypt,EGY,1989,74.4975
Egypt,EGY,1990,77.67375000000001
Egypt,EGY,1991,87.395
Egypt,EGY,1992,94.5175
Egypt,EGY,1993,108.66625
Egypt,EGY,1994,116.4625
Egypt,EGY,1995,120.3125
Egypt,EGY,1996,128.0125
Egypt,EGY,1997,130.9
Egypt,EGY,1998,134.75
Egypt,EGY,1999,161.7
Egypt,EGY,2000,202.125
Egypt,EGY,2001,242.55
Egypt,EGY,2002,262.7625
Egypt,EGY,2003,289.7125
Egypt,EGY,2004,317.625
Egypt,EGY,2005,409.0625
Egypt,EGY,2006,526.4875
Egypt,EGY,2007,536.01625
Egypt,EGY,2008,567.58625
Egypt,EGY,2009,603.39125
Egypt,EGY,2010,590.2049999999999
Egypt,EGY,2011,591.4328083333334
Egypt,EGY,2012,585.9818147222222
Egypt,EGY,2013,539.6483688888889
Egypt,EGY,2014,469.6104875
Egypt,EGY,2015,425.90625
Egypt,EGY,2016,402.5175
Egypt,EGY,2017,488.12648666666666
Egypt,EGY,2018,585.5832658333334
Egypt,EGY,2019,649.3869669444445
Egypt,EGY,2020,584.6543211111111
Europe,,1970,1049.3088080555556
Europe,,1971,1281.8326163888887
Europe,,1972,1543.8270130555554
Europe,,1973,1736.8256644444446
Europe,,1974,1929.1466869444444
Europe,,1975,2006.3243319444443
Europe,,1976,2134.545276388889
Europe,,1977,2196.8155358333333
Europe,,1978,2246.972441944444
Europe,,1979,2321.841509444444
Europe,,1980,2285.5455997222225
Europe,,1981,2247.767598888889
Europe,,1982,2122.384868055555
Europe,,1983,2168.8894508333333
Europe,,1984,2201.5805966666667
Europe,,1985,2677.334068611111
Europe,,1986,2583.555363888889
Europe,,1987,2599.444615
Europe,,1988,2455.135587777778
Europe,,1989,2476.221824722222
Europe,,1990,2431.9616516666665
Europe,,1991,2513.859283055556
Europe,,1992,2478.820799166667
Europe,,1993,2578.5210819444446
Europe,,1994,2580.1137633333333
Europe,,1995,2662.659905277778
Europe,,1996,2999.393752777777
Europe,,1997,2955.277261111111
Europe,,1998,2944.975663888889
Europe,,1999,3025.497733333333
Europe,,2000,3099.250230555556
Europe,,2001,3138.9386194444446
Europe,,2002,3227.378580555556
Europe,,2003,3261.504355555556
Europe,,2004,3374.097275
Europe,,2005,3275.803947222222
Europe,,2006,3203.7170277777777
Europe,,2007,3062.6919944444444
Europe,,2008,3204.377325
Europe,,2009,3035.691552777778
Europe,,2010,3101.243930555556
Europe,,2011,2848.079633333333
Europe,,2012,2875.1141388888886
Europe,,2013,2800.2515055555555
Europe,,2014,2660.8081375
Europe,,2015,2608.4273638888885
Europe,,2016,2599.3404541666664
Europe,,2017,2626.812772777778
Europe,,2018,2514.218800277777
Europe,,2019,2352.054006388889
Europe,,2020,2185.693926388889
European Union,,1970,929.8413830555556
European Union,,1971,1088.028711388889
European Union,,1972,1266.7448955555556
European Union,,1973,1435.2010544444445
European Union,,1974,1567.4130019444442
European Union,,1975,1630.5304794444446
European Union,,1976,1734.6768563888888
European Union,,1977,1752.0059483333332
European Union,,1978,1703.9498877777778
European Union,,1979,1711.5575588888887
European Union,,1980,1649.6065611111112
European Union,,1981,1615.1256330555557
European Union,,1982,1492.9110608333333
European Union,,1983,1531.7122938888888
European Union,,1984,1551.0483813888889
European Union,,1985,1568.337648888889
European Union,,1986,1480.4048108333334
European Union,,1987,1491.4461122222222
European Union,,1988,1392.8855924999998
European Union,,1989,1435.4434519444444
European Union,,1990,1426.0217527777777
European Union,,1991,1493.6142730555557
European Union,,1992,1473.3147530555557
European Union,,1993,1504.7973480555556
European Union,,1994,1454.4899730555553
European Union,,1995,1474.7289533333333
European Union,,1996,1576.499459722222
European Union,,1997,1456.4752755555555
European Union,,1998,1391.1379902777778
European Union,,1999,1333.448175
European Union,,2000,1298.4620294444444
European Union,,2001,1324.551731666667
European Union,,2002,1306.9660872222223
European Union,,2003,1267.1528138888889
European Union,,2004,1375.5832130555557
European Union,,2005,1292.110078888889
European Union,,2006,1275.0154491666667
European Union,,2007,1200.6733822222222
European Union,,2008,1268.5030525
European Union,,2009,1176.4107505555555
European Union,,2010,1255.6502183333334
European Union,,2011,1174.5337844444446
European Union,,2012,1139.4166172222222
European Union,,2013,1139.2518455555555
European Union,,2014,999.2236136111112
European Union,,2015,842.7531466666666
European Union,,2016,823.4769111111111
European Union,,2017,767.7032733333333
European Union,,2018,688.1266591666666
European Union,,2019,610.6591105555555
European Union,,2020,478.0548675
Germany,DEU,1970,120.12975
Germany,DEU,1971,147.99725
Germany,DEU,1972,177.18574999999998
Germany,DEU,1973,198.3745
Germany,DEU,1974,206.037
Germany,DEU,1975,191.252
Germany,DEU,1976,197.20975
Germany,DEU,1977,196.066
Germany,DEU,1978,202.7125
Germany,DEU,1979,203.00475
Germany,DEU,1980,184.8155
Germany,DEU,1981,189.32575
Germany,DEU,1982,166.2025
Germany,DEU,1983,183.713
Germany,DEU,1984,180.5255
Germany,DEU,1985,171.077
Germany,DEU,1986,140.1515
Germany,DEU,1987,157.3055
Germany,DEU,1988,146.38425
Germany,DEU,1989,153.2025
Germany,DEU,1990,150.24625
Germany,DEU,1991,153.95282277777775
Germany,DEU,1992,156.159685
Germany,DEU,1993,155.40354888888888
Germany,DEU,1994,162.9209483333333
Germany,DEU,1995,168.1171858333333
Germany,DEU,1996,182.06174194444444
Germany,DEU,1997,178.96685944444442
Germany,DEU,1998,174.86965694444444
Germany,DEU,1999,186.78319638888888
Germany,DEU,2000,176.65448972222222
Germany,DEU,2001,178.33381527777777
Germany,DEU,2002,177.86782444444444
Germany,DEU,2003,185.15662444444445
Germany,DEU,2004,171.33516027777776
Germany,DEU,2005,165.4267483333333
Germany,DEU,2006,163.42210833333334
Germany,DEU,2007,149.69735916666667
Germany,DEU,2008,136.35067833333332
Germany,DEU,2009,127.46168305555555
Germany,DEU,2010,111.23992666666666
Germany,DEU,2011,104.6545088888889
Germany,DEU,2012,94.613725
Germany,DEU,2013,86.04125194444444
Germany,DEU,2014,80.82743
Germany,DEU,2015,75.24433222222223
Germany,DEU,2016,69.23041277777777
Germany,DEU,2017,63.76161444444445
Germany,DEU,2018,55.41774083333333
Germany,DEU,2019,53.30759361111112
Germany,DEU,2020,44.97251222222222
India,IND,1970,6.32846611111111
India,IND,1971,6.7062188888888885
India,IND,1972,7.355906388888889
India,IND,1973,7.336656388888889
India,IND,1974,8.303968888888889
India,IND,1975,10.6308125
India,IND,1976,12.914343888888888
India,IND,1977,13.792625
India,IND,1978,15.4048125
India,IND,1979,19.1585625
India,IND,1980,11.331031388888889
India,IND,1981,19.78178138888889
India,IND,1982,25.9345625
India,IND,1983,30.85775
India,IND,1984,35.34059388888888
India,IND,1985,43.22828138888889
India,IND,1986,60.40024388888889
India,IND,1987,69.57700750000001
India,IND,1988,81.504885
India,IND,1989,96.90459638888888
India,IND,1990,115.92735
India,IND,1991,129.1080175
India,IND,1992,144.346895
India,IND,1993,146.67085138888888
India,IND,1994,158.56918000000002
India,IND,1995,180.77829
India,IND,1996,197.31721638888888
India,IND,1997,214.5263313888889
India,IND,1998,235.42875138888888
India,IND,1999,241.233685
India,IND,2000,253.6269313888889
India,IND,2001,254.277485
India,IND,2002,265.544125
India,IND,2003,284.268985
India,IND,2004,281.377635
India,IND,2005,285.12137499999994
India,IND,2006,281.868125
India,IND,2007,289.645125
India,IND,2008,293.918625
India,IND,2009,361.49938777777777
India,IND,2010,474.29187722222224
India,IND,2011,429.3339436111111
India,IND,2012,372.6782280555555
India,IND,2013,310.6312811111111
India,IND,2014,293.5521822222222
India,IND,2015,281.4278108333333
India,IND,2016,265.8231588888889
India,IND,2017,276.93324333333334
India,IND,2018,274.9293025
India,IND,2019,269.0600513888889
India,IND,2020,237.6055636111111
Indonesia,IDN,1970,12.789
Indonesia,IDN,1971,15.225
Indonesia,IDN,1972,11.276649999999998
Indonesia,IDN,1973,17.4783
Indonesia,IDN,1974,18.0467
Indonesia,IDN,1975,23.6495
Indonesia,IDN,1976,23.8525
Indonesia,IDN,1977,57.449000000000005
Indonesia,IDN,1978,110.432
Indonesia,IDN,1979,160.167
Indonesia,IDN,1980,187.8765
Indonesia,IDN,1981,190.5155
Indonesia,IDN,1982,193.662
Indonesia,IDN,1983,220.9655
Indonesia,IDN,1984,297.9025
Indonesia,IDN,1985,327.845
Indonesia,IDN,1986,341.14149999999995
Indonesia,IDN,1987,364.4865
Indonesia,IDN,1988,398.083
Indonesia,IDN,1989,418.789
Indonesia,IDN,1990,445.39827083333336
Indonesia,IDN,1991,489.0921175
Indonesia,IDN,1992,518.3108308333333
Indonesia,IDN,1993,538.4756519444445
Indonesia,IDN,1994,613.5329105555556
Indonesia,IDN,1995,616.3042947222222
Indonesia,IDN,1996,649.3877955555555
Indonesia,IDN,1997,666.6897730555555
Indonesia,IDN,1998,655.5651419444443
Indonesia,IDN,1999,710.888343611111
Indonesia,IDN,2000,706.8442483333333
Indonesia,IDN,2001,686.2649733333333
Indonesia,IDN,2002,755.9024277777778
Indonesia,IDN,2003,791.5684575
Indonesia,IDN,2004,756.9468977777777
Indonesia,IDN,2005,762.6978049999999
Indonesia,IDN,2006,753.9709922222222
Indonesia,IDN,2007,725.7912877777777
Indonesia,IDN,2008,748.2994116666666
Indonesia,IDN,2009,780.4405711111111
Indonesia,IDN,2010,870.005153611111
Indonesia,IDN,2011,826.7904294444444
Indonesia,IDN,2012,782.9956997222222
Indonesia,IDN,2013,776.2365369444444
Indonesia,IDN,2014,763.9957758333333
Indonesia,IDN,2015,761.6220066666666
Indonesia,IDN,2016,750.799643611111
Indonesia,IDN,2017,727.0498825
Indonesia,IDN,2018,728.01675
Indonesia,IDN,2019,675.8343583333333
Indonesia,IDN,2020,631.5246533333333
Iran,IRN,1970,34.95453833333333
Iran,IRN,1971,84.54399722222222
Iran,IRN,1972,114.00434416666668
Iran,IRN,1973,125.98126805555556
Iran,IRN,1974,130.7200925
Iran,IRN,1975,136.17852638888888
Iran,IRN,1976,138.7376375
Iran,IRN,1977,140.88401166666665
Iran,IRN,1978,88.25415972222223
Iran,IRN,1979,85.00564916666666
Iran,IRN,1980,45.35404083333333
Iran,IRN,1981,49.280405555555554
Iran,IRN,1982,67.49102472222222
Iran,IRN,1983,77.13311
Iran,IRN,1984,89.78871555555556
Iran,IRN,1985,96.86438083333331
Iran,IRN,1986,93.05474722222222
Iran,IRN,1987,113.91766944444444
Iran,IRN,1988,123.67467666666668
Iran,IRN,1989,156.1683525
Iran,IRN,1990,247.1803725
Iran,IRN,1991,291.9968975
Iran,IRN,1992,309.0441780555555
Iran,IRN,1993,165.1316575
Iran,IRN,1994,262.31456833333334
Iran,IRN,1995,318.6799669444444
Iran,IRN,1996,374.7938452777777
Iran,IRN,1997,393.79935777777774
Iran,IRN,1998,444.717825
Iran,IRN,1999,529.8002738888889
Iran,IRN,2000,563.3661038888889
Iran,IRN,2001,626.05238
Iran,IRN,2002,744.4714288888888
Iran,IRN,2003,780.8762366666666
Iran,IRN,2004,910.4012833333333
Iran,IRN,2005,966.1252719444444
Iran,IRN,2006,1052.7727575
Iran,IRN,2007,1180.1442494444443
Iran,IRN,2008,1235.6742380555554
Iran,IRN,2009,1357.3560619444445
Iran,IRN,2010,1439.1015925000002
Iran,IRN,2011,1509.8625880555553
Iran,IRN,2012,1569.3575875
Iran,IRN,2013,1575.2805469444445
Iran,IRN,2014,1754.506033611111
Iran,IRN,2015,1835.478963055556
Iran,IRN,2016,1993.4191975
Iran,IRN,2017,2138.0383641666667
Iran,IRN,2018,2320.145868055555
Iran,IRN,2019,2414.215095
Iran,IRN,2020,2507.862327777778
Iraq,IRQ,1970,7.409999999999999
Iraq,IRQ,1971,8.787500000000001
Iraq,IRQ,1972,8.882499999999999
Iraq,IRQ,1973,8.645
Iraq,IRQ,1974,7.942
Iraq,IRQ,1975,12.3025
Iraq,IRQ,1976,17.1475
Iraq,IRQ,1977,11.191
Iraq,IRQ,1978,11.5995
Iraq,IRQ,1979,16.6345
Iraq,IRQ,1980,12.1695
Iraq,IRQ,1981,5.89
Iraq,IRQ,1982,6.46
Iraq,IRQ,1983,4.465000000000001
Iraq,IRQ,1984,5.605
Iraq,IRQ,1985,8.075
Iraq,IRQ,1986,14.725
Iraq,IRQ,1987,35.625
Iraq,IRQ,1988,53.2
Iraq,IRQ,1989,61.275
Iraq,IRQ,1990,37.81
Iraq,IRQ,1991,16.529999999999998
Iraq,IRQ,1992,21.565
Iraq,IRQ,1993,24.225
Iraq,IRQ,1994,30.115
Iraq,IRQ,1995,30.115
Iraq,IRQ,1996,30.78
Iraq,IRQ,1997,28.975
Iraq,IRQ,1998,28.025
Iraq,IRQ,1999,30.21
Iraq,IRQ,2000,29.925
Iraq,IRQ,2001,26.22
Iraq,IRQ,2002,22.42
Iraq,IRQ,2003,14.82
Iraq,IRQ,2004,9.5
Iraq,IRQ,2005,13.775
Iraq,IRQ,2006,13.775
Iraq,IRQ,2007,45.42957
Iraq,IRQ,2008,64.57625
Iraq,IRQ,2009,68.5273
Iraq,IRQ,2010,71.3526
Iraq,IRQ,2011,63.0192
Iraq,IRQ,2012,63.41345
Iraq,IRQ,2013,70.72655
Iraq,IRQ,2014,75.30834305555557
Iraq,IRQ,2015,73.01096749999999
Iraq,IRQ,2016,98.95578111111112
Iraq,IRQ,2017,101.17798388888887
Iraq,IRQ,2018,105.73735555555557
Iraq,IRQ,2019,109.66853833333332
Iraq,IRQ,2020,104.9248186111111
Italy,ITA,1970,125.8155
Italy,ITA,1971,128.202
Italy,ITA,1972,135.87325
Italy,ITA,1973,146.7525
Italy,ITA,1974,146.4845
Italy,ITA,1975,139.61825
Italy,ITA,1976,150.02874999999997
Italy,ITA,1977,131.612
Italy,ITA,1978,131.45499999999998
Italy,ITA,1979,128.2585
Italy,ITA,1980,119.35625
Italy,ITA,1981,133.75875
Italy,ITA,1982,137.34075
Italy,ITA,1983,123.1495
Italy,ITA,1984,130.33925
Italy,ITA,1985,134.19225
Italy,ITA,1986,150.37625
Italy,ITA,1987,154.11825
Italy,ITA,1988,156.64075
Italy,ITA,1989,160.11275
Italy,ITA,1990,163.166
Italy,ITA,1991,164.11075
Italy,ITA,1992,171.35075
Italy,ITA,1993,182.3775
Italy,ITA,1994,192.42625
Italy,ITA,1995,190.112
Italy,ITA,1996,190.30875
Italy,ITA,1997,184.85885
Italy,ITA,1998,182.38166
Italy,ITA,1999,167.68133999999998
Italy,ITA,2000,159.58686
Italy,ITA,2001,146.24724999999998
Italy,ITA,2002,140.30432
Italy,ITA,2003,133.22165
Italy,ITA,2004,124.35959
Italy,ITA,2005,115.82317
Italy,ITA,2006,105.34454
Italy,ITA,2007,93.12674694444443
Italy,ITA,2008,88.15177944444444
Italy,ITA,2009,76.3239486111111
Italy,ITA,2010,80.06565055555555
Italy,ITA,2011,80.47827222222222
Italy,ITA,2012,81.95804083333333
Italy,ITA,2013,73.67495027777777
Italy,ITA,2014,68.0955625
Italy,ITA,2015,64.49687833333333
Italy,ITA,2016,55.0976325
Italy,ITA,2017,52.73058555555556
Italy,ITA,2018,51.89196916666667
Italy,ITA,2019,46.212474444444446
Italy,ITA,2020,38.7569325
Kazakhstan,KAZ,1985,38.67877583333333
Kazakhstan,KAZ,1986,41.28760805555556
Kazakhstan,KAZ,1987,44.7400575
Kazakhstan,KAZ,1988,50.57448416666666
Kazakhstan,KAZ,1989,47.56865555555556
Kazakhstan,KAZ,1990,50.42915527777778
Kazakhstan,KAZ,1991,55.89919611111111
Kazakhstan,KAZ,1992,57.51199333333333
Kazakhstan,KAZ,1993,47.39426083333333
Kazakhstan,KAZ,1994,31.81570333333333
Kazakhstan,KAZ,1995,41.93839833333333
Kazakhstan,KAZ,1996,46.25006111111111
Kazakhstan,KAZ,1997,57.52262722222222
Kazakhstan,KAZ,1998,56.34369027777778
Kazakhstan,KAZ,1999,70.5086575
Kazakhstan,KAZ,2000,81.82305027777778
Kazakhstan,KAZ,2001,82.30440805555556
Kazakhstan,KAZ,2002,100.02249166666668
Kazakhstan,KAZ,2003,117.65904944444443
Kazakhstan,KAZ,2004,156.6866147222222
Kazakhstan,KAZ,2005,192.26267972222223
Kazakhstan,KAZ,2006,201.1989430555556
Kazakhstan,KAZ,2007,229.1533955555556
Kazakhstan,KAZ,2008,255.0977536111111
Kazakhstan,KAZ,2009,264.8561033333333
Kazakhstan,KAZ,2010,277.6878433333333
Kazakhstan,KAZ,2011,293.25936
Kazakhstan,KAZ,2012,296.78291194444444
Kazakhstan,KAZ,2013,311.27712861111115
Kazakhstan,KAZ,2014,317.1075436111111
Kazakhstan,KAZ,2015,318.9301375
Kazakhstan,KAZ,2016,320.95624805555553
Kazakhstan,KAZ,2017,344.57652083333335
Kazakhstan,KAZ,2018,341.28646694444444
Kazakhstan,KAZ,2019,340.41996666666665
Kazakhstan,KAZ,2020,316.9185108333333
Kuwait,KWT,1970,19.3515
Kuwait,KWT,1971,19.988
Kuwait,KWT,1972,23.6265
Kuwait,KWT,1973,26.467
Kuwait,KWT,1974,27.8445
Kuwait,KWT,1975,30.514
Kuwait,KWT,1976,36.708000000000006
Kuwait,KWT,1977,40.0235
Kuwait,KWT,1978,44.8495
Kuwait,KWT,1979,59.3845
Kuwait,KWT,1980,38.6745
Kuwait,KWT,1981,44.498
Kuwait,KWT,1982,34.912499999999994
Kuwait,KWT,1983,38.3325
Kuwait,KWT,1984,41.572
Kuwait,KWT,1985,39.9
Kuwait,KWT,1986,54.435
Kuwait,KWT,1987,45.41
Kuwait,KWT,1988,64.98
Kuwait,KWT,1989,77.52
Kuwait,KWT,1990,39.805
Kuwait,KWT,1991,4.75
Kuwait,KWT,1992,24.89
Kuwait,KWT,1993,51.49
Kuwait,KWT,1994,56.715
Kuwait,KWT,1995,88.141
Kuwait,KWT,1996,88.36899999999999
Kuwait,KWT,1997,88.065
Kuwait,KWT,1998,90.1645
Kuwait,KWT,1999,82.536
Kuwait,KWT,2000,91.2
Kuwait,KWT,2001,90.25
Kuwait,KWT,2002,82.74499999999999
Kuwait,KWT,2003,95
Kuwait,KWT,2004,103.55
Kuwait,KWT,2005,116.85
Kuwait,KWT,2006,117.895
Kuwait,KWT,2007,106.97
Kuwait,KWT,2008,120.65
Kuwait,KWT,2009,109.1455
Kuwait,KWT,2010,111.4635
Kuwait,KWT,2011,128.5635
Kuwait,KWT,2012,147.39249999999998
Kuwait,KWT,2013,154.95638611111113
Kuwait,KWT,2014,142.77337277777778
Kuwait,KWT,2015,160.6355
Kuwait,KWT,2016,164.2645
Kuwait,KWT,2017,162.4664025
Kuwait,KWT,2018,168.50891277777777
Kuwait,KWT,2019,179.24573722222223
Kuwait,KWT,2020,149.70469833333334
Libya,LBY,1970,2.793
Libya,LBY,1971,6.725999999999999
Libya,LBY,1972,26.904
Libya,LBY,1973,43.0445
Libya,LBY,1974,38.7125
Libya,LBY,1975,44.0325
Libya,LBY,1976,45.4005
Libya,LBY,1977,47.9845
Libya,LBY,1978,48.6495
Libya,LBY,1979,64.4575
Libya,LBY,1980,49.115
Libya,LBY,1981,29.925
Libya,LBY,1982,31.825
Libya,LBY,1983,35.245
Libya,LBY,1984,43.7
Libya,LBY,1985,49.4
Libya,LBY,1986,53.2
Libya,LBY,1987,47.5
Libya,LBY,1988,52.24999999999999
Libya,LBY,1989,64.6
Libya,LBY,1990,58.9
Libya,LBY,1991,62.13
Libya,LBY,1992,64.315
Libya,LBY,1993,60.42
Libya,LBY,1994,60.705
Libya,LBY,1995,60.23
Libya,LBY,1996,60.99
Libya,LBY,1997,62.415
Libya,LBY,1998,60.42
Libya,LBY,1999,49.4
Libya,LBY,2000,55.86
Libya,LBY,2001,58.71
Libya,LBY,2002,56.05
Libya,LBY,2003,52.24999999999999
Libya,LBY,2004,76.57000000000001
Libya,LBY,2005,107.35
Libya,LBY,2006,125.3525
Libya,LBY,2007,145.16
Libya,LBY,2008,151.05
Libya,LBY,2009,151.05
Libya,LBY,2010,159.73299999999998
Libya,LBY,2011,74.6225
Libya,LBY,2012,115.9
Libya,LBY,2013,121.6
Libya,LBY,2014,156.97175
Libya,LBY,2015,147.1835
Libya,LBY,2016,147.9195
Libya,LBY,2017,135.938
Libya,LBY,2018,131.85975
Libya,LBY,2019,145.04339694444445
Libya,LBY,2020,133.05995222222222
Malaysia,MYS,1970,0
Malaysia,MYS,1971,0.8287491666666666
Malaysia,MYS,1972,1.1605094444444444
Malaysia,MYS,1973,1.1605094444444444
Malaysia,MYS,1974,2.4192625
Malaysia,MYS,1975,2.9162630555555555
Malaysia,MYS,1976,3.4717677777777776
Malaysia,MYS,1977,3.1767572222222222
Malaysia,MYS,1978,23.655594444444443
Malaysia,MYS,1979,29.35411611111111
Malaysia,MYS,1980,26.109350000000003
Malaysia,MYS,1981,21.99233
Malaysia,MYS,1982,27.66777
Malaysia,MYS,1983,66.72131
Malaysia,MYS,1984,101.35545
Malaysia,MYS,1985,111.98527
Malaysia,MYS,1986,150.6085
Malaysia,MYS,1987,162.84326
Malaysia,MYS,1988,168.11165
Malaysia,MYS,1989,181.95135
Malaysia,MYS,1990,180.11381
Malaysia,MYS,1991,213.8757
Malaysia,MYS,1992,223.90076
Malaysia,MYS,1993,241.24109
Malaysia,MYS,1994,255.52273
Malaysia,MYS,1995,282.88812
Malaysia,MYS,1996,361.4604
Malaysia,MYS,1997,413.08597
Malaysia,MYS,1998,412.26024
Malaysia,MYS,1999,422.27367
Malaysia,MYS,2000,496.82197
Malaysia,MYS,2001,490.23939
Malaysia,MYS,2002,505.88174
Malaysia,MYS,2003,527.22279
Malaysia,MYS,2004,601.42219
Malaysia,MYS,2005,676.9997963888889
Malaysia,MYS,2006,674.6589086111111
Malaysia,MYS,2007,676.2869833333333
Malaysia,MYS,2008,692.0507488888888
Malaysia,MYS,2009,661.6568988888888
Malaysia,MYS,2010,650.8205866666667
Malaysia,MYS,2011,669.5116711111111
Malaysia,MYS,2012,692.5072088888888
Malaysia,MYS,2013,725.8860058333333
Malaysia,MYS,2014,721.7410783333333
Malaysia,MYS,2015,768.4600963888889
Malaysia,MYS,2016,766.9548105555556
Malaysia,MYS,2017,784.6563127777778
Malaysia,MYS,2018,772.2798736111112
Malaysia,MYS,2019,792.6473352777778
Malaysia,MYS,2020,731.9447847222222
Mexico,MEX,1970,110.3030725
Mexico,MEX,1971,109.18173083333332
Mexico,MEX,1972,113.48022666666668
Mexico,MEX,1973,123.30594
Mexico,MEX,1974,129.26203027777777
Mexico,MEX,1975,131.3903411111111
Mexico,MEX,1976,128.85492722222222
Mexico,MEX,1977,136.65276277777778
Mexico,MEX,1978,171.05864555555556
Mexico,MEX,1979,207.65465444444445
Mexico,MEX,1980,251.1524158333333
Mexico,MEX,1981,270.5790727777777
Mexico,MEX,1982,288.52311111111106
Mexico,MEX,1983,290.9616630555555
Mexico,MEX,1984,286.193615
Mexico,MEX,1985,277.63767527777776
Mexico,MEX,1986,246.6160911111111
Mexico,MEX,1987,250.6710136111111
Mexico,MEX,1988,253.93228638888888
Mexico,MEX,1989,243.7647922222222
Mexico,MEX,1990,263.86139694444444
Mexico,MEX,1991,267.5909672222222
Mexico,MEX,1992,259.37532166666665
Mexico,MEX,1993,277.7821
Mexico,MEX,1994,292.23009722222224
Mexico,MEX,1995,291.8625122222222
Mexico,MEX,1996,308.05027027777777
Mexico,MEX,1997,311.0647225
Mexico,MEX,1998,329.34113138888887
Mexico,MEX,1999,342.3526836111112
Mexico,MEX,2000,333.78669194444444
Mexico,MEX,2001,331.4070427777778
Mexico,MEX,2002,337.2773055555556
Mexico,MEX,2003,348.4040808333333
Mexico,MEX,2004,370.27044916666665
Mexico,MEX,2005,443.1189113888889
Mexico,MEX,2006,484.5220025
Mexico,MEX,2007,468.5857430555556
Mexico,MEX,2008,472.30578388888887
Mexico,MEX,2009,525.8305111111112
Mexico,MEX,2010,511.77817805555554
Mexico,MEX,2011,520.9899083333333
Mexico,MEX,2012,508.50187
Mexico,MEX,2013,524.8803919444445
Mexico,MEX,2014,512.9980325
Mexico,MEX,2015,479.46947527777775
Mexico,MEX,2016,436.5142402777778
Mexico,MEX,2017,382.68443722222224
Mexico,MEX,2018,351.91027777777776
Mexico,MEX,2019,312.9488888888889
Mexico,MEX,2020,300.71772194444446
Middle East,,1970,103.3942722222222
Middle East,,1971,161.5668711111111
Middle East,,1972,200.03491416666665
Middle East,,1973,228.75679888888888
Middle East,,1974,239.83973916666665
Middle East,,1975,263.99537305555555
Middle East,,1976,274.3020805555556
Middle East,,1977,310.9292008333333
Middle East,,1978,300.7024030555556
Middle East,,1979,367.91791277777776
Middle East,,1980,342.3703533333333
Middle East,,1981,369.2929283333333
Middle East,,1982,413.03800722222223
Middle East,,1983,416.3393725
Middle East,,1984,531.9690277777778
Middle East,,1985,574.7160325
Middle East,,1986,687.6163636111111
Middle East,,1987,750.6576102777778
Middle East,,1988,835.0479486111111
Middle East,,1989,937.2528744444444
Middle East,,1990,1007.2126641666666
Middle East,,1991,1061.32001
Middle East,,1992,1132.8774425
Middle East,,1993,1050.4084799999998
Middle East,,1994,1221.1333308333333
Middle East,,1995,1385.328016388889
Middle East,,1996,1491.4187147222224
Middle East,,1997,1605.610413333333
Middle East,,1998,1724.615063888889
Middle East,,1999,1868.7355438888887
Middle East,,2000,2040.662902222222
Middle East,,2001,2222.9061075
Middle East,,2002,2445.0650841666666
Middle East,,2003,2573.981424444444
Middle East,,2004,2856.549002777778
Middle East,,2005,3099.0263888888885
Middle East,,2006,3316.3898694444447
Middle East,,2007,3626.773911111111
Middle East,,2008,3923.415791666667
Middle East,,2009,4137.761008333334
Middle East,,2010,4746.4251583333335
Middle East,,2011,5199.716183333333
Middle East,,2012,5454.597947222222
Middle East,,2013,5625.923266666667
Middle East,,2014,5825.901141666666
Middle East,,2015,6008.093158333333
Middle East,,2016,6240.5273916666665
Middle East,,2017,6394.918325
Middle East,,2018,6633.201266666667
Middle East,,2019,6782.117716666667
Middle East,,2020,6865.809358333333
Myanmar,MMR,1970,0.0736874999999999
Myanmar,MMR,1971,0.1424625
Myanmar,MMR,1972,0.1522875
Myanmar,MMR,1973,0.1842188888888888
Myanmar,MMR,1974,1.6481438888888889
Myanmar,MMR,1975,1.7685
Myanmar,MMR,1976,2.45625
Myanmar,MMR,1977,2.25975
Myanmar,MMR,1978,2.65275
Myanmar,MMR,1979,2.65275
Myanmar,MMR,1980,3.43875
Myanmar,MMR,1981,4.1265
Myanmar,MMR,1982,4.42125
Myanmar,MMR,1983,5.8950000000000005
Myanmar,MMR,1984,6.287999999999999
Myanmar,MMR,1985,9.039
Myanmar,MMR,1986,10.51275
Myanmar,MMR,1987,11.69175
Myanmar,MMR,1988,10.218
Myanmar,MMR,1989,10.70925
Myanmar,MMR,1990,8.35125
Myanmar,MMR,1991,8.4495
Myanmar,MMR,1992,8.54775
Myanmar,MMR,1993,10.8075
Myanmar,MMR,1994,14.04975
Myanmar,MMR,1995,16.113
Myanmar,MMR,1996,15.72
Myanmar,MMR,1997,14.83575
Myanmar,MMR,1998,17.291999999999998
Myanmar,MMR,1999,16.899
Myanmar,MMR,2000,33.405
Myanmar,MMR,2001,68.775
Myanmar,MMR,2002,82.52999999999999
Myanmar,MMR,2003,94.32
Myanmar,MMR,2004,100.215
Myanmar,MMR,2005,119.865
Myanmar,MMR,2006,123.795
Myanmar,MMR,2007,132.834
Myanmar,MMR,2008,121.82999999999998
Myanmar,MMR,2009,113.52372277777776
Myanmar,MMR,2010,122.07877416666666
Myanmar,MMR,2011,125.50023805555556
Myanmar,MMR,2012,125.11101805555556
Myanmar,MMR,2013,128.60941916666667
Myanmar,MMR,2014,165.43191805555554
Myanmar,MMR,2015,192.1668375
Myanmar,MMR,2016,182.80075888888888
Myanmar,MMR,2017,177.98891666666668
Myanmar,MMR,2018,169.71708361111112
Myanmar,MMR,2019,184.81905
Myanmar,MMR,2020,176.79284555555554
Netherlands,NLD,1970,279.16666666666663
Netherlands,NLD,1971,385.8333333333333
Netherlands,NLD,1972,514.4444444444445
Netherlands,NLD,1973,625.5555555555554
Netherlands,NLD,1974,741.6666666666666
Netherlands,NLD,1975,803.3333333333333
Netherlands,NLD,1976,858.3333333333333
Netherlands,NLD,1977,861.1111111111111
Netherlands,NLD,1978,788.3333333333334
Netherlands,NLD,1979,826.6666666666666
Netherlands,NLD,1980,799.4444444444445
Netherlands,NLD,1981,742.2222222222223
Netherlands,NLD,1982,634.7222222222223
Netherlands,NLD,1983,675.8333333333333
Netherlands,NLD,1984,684.1666666666666
Netherlands,NLD,1985,716.3888888888889
Netherlands,NLD,1986,655
Netherlands,NLD,1987,656.1111111111111
Netherlands,NLD,1988,579.1666666666666
Netherlands,NLD,1989,633.0555555555555
Netherlands,NLD,1990,634.1666666666666
Netherlands,NLD,1991,717
Netherlands,NLD,1992,720.0555555555555
Netherlands,NLD,1993,734
Netherlands,NLD,1994,696.2777777777778
Netherlands,NLD,1995,707.8333333333334
Netherlands,NLD,1996,801.0833333333334
Netherlands,NLD,1997,709.4999999999999
Netherlands,NLD,1998,676.7777777777777
Netherlands,NLD,1999,629.3333333333334
Netherlands,NLD,2000,613.6111111111111
Netherlands,NLD,2001,646.4722222222223
Netherlands,NLD,2002,635.1944444444445
Netherlands,NLD,2003,607.1666666666666
Netherlands,NLD,2004,716.1666666666666
Netherlands,NLD,2005,653.3333333333333
Netherlands,NLD,2006,645.0277777777777
Netherlands,NLD,2007,620.0277777777777
Netherlands,NLD,2008,709.0833333333334
Netherlands,NLD,2009,655
Netherlands,NLD,2010,752.6666666666666
Netherlands,NLD,2011,694.9722222222222
Netherlands,NLD,2012,684.0277777777777
Netherlands,NLD,2013,724.0555555555554
Netherlands,NLD,2014,603.8611111111112
Netherlands,NLD,2015,458.72222222222223
Netherlands,NLD,2016,442.8611111111112
Netherlands,NLD,2017,379.30555555555554
Netherlands,NLD,2018,323.25
Netherlands,NLD,2019,278.4444444444444
Netherlands,NLD,2020,199.7222222222222
Nigeria,NGA,1970,1.0545
Nigeria,NGA,1971,1.95225
Nigeria,NGA,1972,2.61725
Nigeria,NGA,1973,4.009
Nigeria,NGA,1974,3.743
Nigeria,NGA,1975,3.3535
Nigeria,NGA,1976,6.22725
Nigeria,NGA,1977,8.1985
Nigeria,NGA,1978,9.93225
Nigeria,NGA,1979,13.091
Nigeria,NGA,1980,15.82225
Nigeria,NGA,1981,23.3035
Nigeria,NGA,1982,24.27725
Nigeria,NGA,1983,27.5215
Nigeria,NGA,1984,26.4765
Nigeria,NGA,1985,25.08
Nigeria,NGA,1986,29.2505
Nigeria,NGA,1987,28.9655
Nigeria,NGA,1988,34.82225
Nigeria,NGA,1989,40.318
Nigeria,NGA,1990,38.3895
Nigeria,NGA,1991,37.449
Nigeria,NGA,1992,40.5365
Nigeria,NGA,1993,46.189
Nigeria,NGA,1994,42.1895
Nigeria,NGA,1995,45.9135
Nigeria,NGA,1996,51.6515
Nigeria,NGA,1997,49.74597444444444
Nigeria,NGA,1998,60.17689027777777
Nigeria,NGA,1999,43.377165
Nigeria,NGA,2000,112.04464027777776
Nigeria,NGA,2001,152.6134238888889
Nigeria,NGA,2002,171.40391444444447
Nigeria,NGA,2003,213.9388911111111
Nigeria,NGA,2004,228.94196916666667
Nigeria,NGA,2005,229.83986694444445
Nigeria,NGA,2006,268.9150825
Nigeria,NGA,2007,336.3422780555556
Nigeria,NGA,2008,327.7921875
Nigeria,NGA,2009,231.91938777777776
Nigeria,NGA,2010,309.0666738888889
Nigeria,NGA,2011,364.2581555555556
Nigeria,NGA,2012,391.6030255555556
Nigeria,NGA,2013,330.9957083333333
Nigeria,NGA,2014,399.8253330555555
Nigeria,NGA,2015,475.65285416666666
Nigeria,NGA,2016,426.3702083333333
Nigeria,NGA,2017,472.0561894444445
Nigeria,NGA,2018,482.6955380555556
Nigeria,NGA,2019,492.7914861111111
Nigeria,NGA,2020,494.3113930555555
Non-OECD,,1970,2514.95411
Non-OECD,,1971,2755.3315283333336
Non-OECD,,1972,2939.20255
Non-OECD,,1973,3226.1311305555555
Non-OECD,,1974,3541.741783333333
Non-OECD,,1975,3912.0120416666655
Non-OECD,,1976,4335.207805555556
Non-OECD,,1977,4720.638272222222
Non-OECD,,1978,5108.754672222222
Non-OECD,,1979,5674.576016666667
Non-OECD,,1980,5955.251908333334
Non-OECD,,1981,6301.347522222222
Non-OECD,,1982,6801.434886111111
Non-OECD,,1983,7361.449983333333
Non-OECD,,1984,8146.993052777777
Non-OECD,,1985,8691.836622222223
Non-OECD,,1986,9364.420316666668
Non-OECD,,1987,9912.851616666669
Non-OECD,,1988,10540.767497222225
Non-OECD,,1989,10965.133505555556
Non-OECD,,1990,11361.650741666666
Non-OECD,,1991,11425.070352777777
Non-OECD,,1992,11293.491469444443
Non-OECD,,1993,11200.156816666666
Non-OECD,,1994,11091.392330555556
Non-OECD,,1995,11294.470525
Non-OECD,,1996,11856.518525
Non-OECD,,1997,11775.078027777778
Non-OECD,,1998,12208.144516666667
Non-OECD,,1999,12773.000947222225
Non-OECD,,2000,13454.62334722222
Non-OECD,,2001,13800.430394444444
Non-OECD,,2002,14485.33278611111
Non-OECD,,2003,15335.187952777776
Non-OECD,,2004,16196.992194444443
Non-OECD,,2005,16952.282405555554
Non-OECD,,2006,17773.25436388889
Non-OECD,,2007,18497.03446388889
Non-OECD,,2008,19252.36256944444
Non-OECD,,2009,18365.743025
Non-OECD,,2010,20198.78483888889
Non-OECD,,2011,21069.58333055556
Non-OECD,,2012,21398.03782777777
Non-OECD,,2013,21696.260430555554
Non-OECD,,2014,21957.838736111116
Non-OECD,,2015,22306.19868333333
Non-OECD,,2016,22553.61687777777
Non-OECD,,2017,23450.823741666663
Non-OECD,,2018,24219.94216111111
Non-OECD,,2019,24654.42205
Non-OECD,,2020,23752.117755555555
North America,,1970,6365.088805555555
North America,,1971,6576.337702777777
North America,,1972,6637.780308333334
North America,,1973,6689.9040444444445
North America,,1974,6423.288033333333
North America,,1975,6026.370547222223
North America,,1976,5987.913069444445
North America,,1977,6054.516869444445
North America,,1978,6041.315230555555
North America,,1979,6273.644005555556
North America,,1980,6214.339388888889
North America,,1981,6154.782766666666
North America,,1982,5842.892997222222
North America,,1983,5347.213208333334
North America,,1984,5780.797141666666
North America,,1985,5561.586819444445
North America,,1986,5364.634841666666
North America,,1987,5589.047711111111
North America,,1988,5841.076597222222
North America,,1989,5955.502105555555
North America,,1990,6132.118533333333
North America,,1991,6164.460222222222
North America,,1992,6305.7116
North America,,1993,6500.221647222222
North America,,1994,6825.009727777778
North America,,1995,6852.483580555555
North America,,1996,6949.551811111111
North America,,1997,7023.772722222222
North America,,1998,7158.66255
North America,,1999,7149.135158333333
North America,,2000,7282.836252777777
North America,,2001,7444.549163888889
North America,,2002,7256.790697222222
North America,,2003,7287.432152777778
North America,,2004,7168.723277777777
North America,,2005,7129.051469444445
North America,,2006,7295.736563888889
North America,,2007,7434.265894444444
North America,,2008,7597.896516666667
North America,,2009,7652.163872222222
North America,,2010,7759.263397222222
North America,,2011,8205.288625
North America,,2012,8502.802147222223
North America,,2013,8601.011241666667
North America,,2014,9150.178855555556
North America,,2015,9490.058255555556
North America,,2016,9429.908605555554
North America,,2017,9583.411302777777
North America,,2018,10529.034738888888
North America,,2019,11302.682661111112
North America,,2020,11098.875969444443
Norway,NOR,1970,0
Norway,NOR,1971,0
Norway,NOR,1972,0
Norway,NOR,1973,0
Norway,NOR,1974,0
Norway,NOR,1975,0
Norway,NOR,1976,0
Norway,NOR,1977,26.3498825
Norway,NOR,1978,140.94239416666667
Norway,NOR,1979,205.14702055555557
Norway,NOR,1980,249.0015461111111
Norway,NOR,1981,247.63988583333332
Norway,NOR,1982,237.8033672222222
Norway,NOR,1983,234.3547772222222
Norway,NOR,1984,257.6787552777778
Norway,NOR,1985,259.8926158333333
Norway,NOR,1986,258.9403022222222
Norway,NOR,1987,279.39754361111113
Norway,NOR,1988,281.1709822222222
Norway,NOR,1989,285.2219802777778
Norway,NOR,1990,252.8835511111111
Norway,NOR,1991,248.39309416666669
Norway,NOR,1992,256.3990655555555
Norway,NOR,1993,246.17819138888888
Norway,NOR,1994,266.40295944444443
Norway,NOR,1995,276.04998
Norway,NOR,1996,371.1745841666667
Norway,NOR,1997,426.2263758333333
Norway,NOR,1998,438.6310477777778
Norway,NOR,1999,481.0726105555555
Norway,NOR,2000,494.2247738888889
Norway,NOR,2001,536.3121533333333
Norway,NOR,2002,651.0193980555555
Norway,NOR,2003,724.1274044444444
Norway,NOR,2004,785.8502947222222
Norway,NOR,2005,851.9877852777777
Norway,NOR,2006,880.0328377777777
Norway,NOR,2007,896.3240205555555
Norway,NOR,2008,993.2881938888888
Norway,NOR,2009,1034.6422547222223
Norway,NOR,2010,1061.95384
Norway,NOR,2011,1005.0689008333331
Norway,NOR,2012,1138.6252391666667
Norway,NOR,2013,1079.3039905555556
Norway,NOR,2014,1074.9113938888888
Norway,NOR,2015,1161.3087769444444
Norway,NOR,2016,1158.9093088888887
Norway,NOR,2017,1237.2922247222225
Norway,NOR,2018,1212.8686655555557
Norway,NOR,2019,1142.5978691666664
Norway,NOR,2020,1114.5425838888889
OECD,,1970,7246.037133333333
OECD,,1971,7684.067852777778
OECD,,1972,8015.1275611111105
OECD,,1973,8255.183352777778
OECD,,1974,8180.070616666666
OECD,,1975,7839.898266666666
OECD,,1976,7922.920972222222
OECD,,1977,8054.385269444445
OECD,,1978,8099.417574999999
OECD,,1979,8424.410883333334
OECD,,1980,8329.251694444443
OECD,,1981,8229.108905555555
OECD,,1982,7795.3057055555555
OECD,,1983,7365.78633611111
OECD,,1984,7840.742413888889
OECD,,1985,7717.533052777777
OECD,,1986,7469.566308333334
OECD,,1987,7764.828658333333
OECD,,1988,7916.156955555555
OECD,,1989,8110.320799999999
OECD,,1990,8335.360297222222
OECD,,1991,8534.484141666668
OECD,,1992,8724.726591666666
OECD,,1993,9046.035086111113
OECD,,1994,9451.026027777778
OECD,,1995,9588.928338888889
OECD,,1996,10043.353275
OECD,,1997,10107.806855555556
OECD,,1998,10254.107502777775
OECD,,1999,10329.661852777775
OECD,,2000,10552.461147222222
OECD,,2001,10773.668402777776
OECD,,2002,10662.887291666668
OECD,,2003,10712.542883333334
OECD,,2004,10729.038533333332
OECD,,2005,10628.215386111113
OECD,,2006,10748.10197222222
OECD,,2007,10786.079675
OECD,,2008,11102.2065
OECD,,2009,11048.340972222222
OECD,,2010,11308.904755555555
OECD,,2011,11510.02398611111
OECD,,2012,11870.251047222222
OECD,,2013,11964.274133333332
OECD,,2014,12421.09649722222
OECD,,2015,12810.374025
OECD,,2016,12967.083941666668
OECD,,2017,13311.31923888889
OECD,,2018,14308.622688888889
OECD,,2019,15107.696691666666
OECD,,2020,14784.510566666668
Oman,OMN,1970,0
Oman,OMN,1971,0
Oman,OMN,1972,0
Oman,OMN,1973,0
Oman,OMN,1974,0
Oman,OMN,1975,0
Oman,OMN,1976,0
Oman,OMN,1977,0
Oman,OMN,1978,3.025425
Oman,OMN,1979,5.0895
Oman,OMN,1980,6.4608375
Oman,OMN,1981,7.615399999999999
Oman,OMN,1982,8.3317
Oman,OMN,1983,10.34865
Oman,OMN,1984,13.0065
Oman,OMN,1985,16.559725
Oman,OMN,1986,19.35895
Oman,OMN,1987,21.686925
Oman,OMN,1988,21.8235875
Oman,OMN,1989,22.648275
Oman,OMN,1990,24.476725
Oman,OMN,1991,24.816025
Oman,OMN,1992,27.12515
Oman,OMN,1993,26.03185
Oman,OMN,1994,27.2571
Oman,OMN,1995,38.180675
Oman,OMN,1996,41.2815
Oman,OMN,1997,46.95535
Oman,OMN,1998,48.755525
Oman,OMN,1999,51.3851
Oman,OMN,2000,103.2110786111111
Oman,OMN,2001,154.2464097222222
Oman,OMN,2002,166.44097916666666
Oman,OMN,2003,183.35489916666663
Oman,OMN,2004,186.57536944444445
Oman,OMN,2005,208.4939883333333
Oman,OMN,2006,242.91458277777772
Oman,OMN,2007,246.0651755555556
Oman,OMN,2008,241.36315638888888
Oman,OMN,2009,239.13970416666663
Oman,OMN,2010,256.9776097222222
Oman,OMN,2011,271.27878277777774
Oman,OMN,2012,283.21993000000003
Oman,OMN,2013,307.8590211111111
Oman,OMN,2014,293.4907975
Oman,OMN,2015,307.4711788888889
Oman,OMN,2016,314.7750297222222
Oman,OMN,2017,323.23413944444445
Oman,OMN,2018,363.3264797222223
Oman,OMN,2019,366.90194638888886
Oman,OMN,2020,369.3040494444445
Pakistan,PAK,1970,29.103925
Pakistan,PAK,1971,29.020425
Pakistan,PAK,1972,26.89535
Pakistan,PAK,1973,30.63615
Pakistan,PAK,1974,33.89265
Pakistan,PAK,1975,38.07599999999999
Pakistan,PAK,1976,38.82749999999999
Pakistan,PAK,1977,42.418
Pakistan,PAK,1978,43.587
Pakistan,PAK,1979,49.098
Pakistan,PAK,1980,59.953
Pakistan,PAK,1981,65.3805
Pakistan,PAK,1982,71.309
Pakistan,PAK,1983,70.30699999999999
Pakistan,PAK,1984,72.144
Pakistan,PAK,1985,73.647
Pakistan,PAK,1986,78.991
Pakistan,PAK,1987,84.5855
Pakistan,PAK,1988,89.67899999999999
Pakistan,PAK,1989,95.6075
Pakistan,PAK,1990,102.1205
Pakistan,PAK,1991,110.3035
Pakistan,PAK,1992,108.216
Pakistan,PAK,1993,124.582
Pakistan,PAK,1994,127.0035
Pakistan,PAK,1995,130.26
Pakistan,PAK,1996,141.5325
Pakistan,PAK,1997,141.11499999999998
Pakistan,PAK,1998,148.63
Pakistan,PAK,1999,169.505
Pakistan,PAK,2000,179.525
Pakistan,PAK,2001,189.545
Pakistan,PAK,2002,205.4935
Pakistan,PAK,2003,255.5038025
Pakistan,PAK,2004,306.76594833333337
Pakistan,PAK,2005,326.1018863888889
Pakistan,PAK,2006,333.19478444444445
Pakistan,PAK,2007,338.00255305555555
Pakistan,PAK,2008,346.0761097222222
Pakistan,PAK,2009,347.0166905555556
Pakistan,PAK,2010,353.4839533333333
Pakistan,PAK,2011,353.3964683333333
Pakistan,PAK,2012,365.9723058333333
Pakistan,PAK,2013,355.8572863888889
Pakistan,PAK,2014,349.8668944444445
Pakistan,PAK,2015,350.47566166666667
Pakistan,PAK,2016,346.78688666666665
Pakistan,PAK,2017,346.51497638888884
Pakistan,PAK,2018,342.0010388888889
Pakistan,PAK,2019,326.8622958333333
Pakistan,PAK,2020,306.1092205555556
Peru,PER,1970,3.975125
Peru,PER,1971,4.745125
Peru,PER,1972,4.56225
Peru,PER,1973,4.466
Peru,PER,1974,4.60075
Peru,PER,1975,5.67875
Peru,PER,1976,6.16
Peru,PER,1977,6.1166875
Peru,PER,1978,6.391
Peru,PER,1979,5.909750000000001
Peru,PER,1980,6.3525
Peru,PER,1981,7.295749999999999
Peru,PER,1982,7.6566875
Peru,PER,1983,5.0435
Peru,PER,1984,6.8145
Peru,PER,1985,5.313
Peru,PER,1986,5.635437499999999
Peru,PER,1987,5.60175
Peru,PER,1988,5.284125
Peru,PER,1989,4.4804375
Peru,PER,1990,4.2879375
Peru,PER,1991,4.02325
Peru,PER,1992,3.628625
Peru,PER,1993,3.821125
Peru,PER,1994,3.98475
Peru,PER,1995,3.859625
Peru,PER,1996,3.917375
Peru,PER,1997,2.319625
Peru,PER,1998,3.936625
Peru,PER,1999,3.955875
Peru,PER,2000,3.3254375
Peru,PER,2001,3.56125
Peru,PER,2002,4.25425
Peru,PER,2003,5.033875
Peru,PER,2004,8.2775
Peru,PER,2005,14.599701111111113
Peru,PER,2006,17.0864425
Peru,PER,2007,25.75199333333333
Peru,PER,2008,34.979435
Peru,PER,2009,35.857998888888886
Peru,PER,2010,73.14945916666667
Peru,PER,2011,114.8054072222222
Peru,PER,2012,119.5807475
Peru,PER,2013,123.99125555555555
Peru,PER,2014,131.27230027777776
Peru,PER,2015,126.5671661111111
Peru,PER,2016,140.18435333333332
Peru,PER,2017,130.10746916666665
Peru,PER,2018,128.11485583333334
Peru,PER,2019,134.95792138888888
Peru,PER,2020,120.89741027777778
Poland,POL,1970,51.19325
Poland,POL,1971,52.79024999999999
Poland,POL,1972,55.84075
Poland,POL,1973,56.64775
Poland,POL,1974,54.83525
Poland,POL,1975,56.43775
Poland,POL,1976,61.4325
Poland,POL,1977,64.661
Poland,POL,1978,69.33525
Poland,POL,1979,62.208
Poland,POL,1980,52.83525
Poland,POL,1981,46.959
Poland,POL,1982,43.278
Poland,POL,1983,42.31125
Poland,POL,1984,46.4745
Poland,POL,1985,48.062
Poland,POL,1986,43.63425
Poland,POL,1987,43.837
Poland,POL,1988,43.505
Poland,POL,1989,40.28375
Poland,POL,1990,27.65525
Poland,POL,1991,30.915
Poland,POL,1992,29.7705
Poland,POL,1993,38.041
Poland,POL,1994,36.04525
Poland,POL,1995,36.858
Poland,POL,1996,36.52025
Poland,POL,1997,37.264
Poland,POL,1998,37.78125
Poland,POL,1999,36.0785
Poland,POL,2000,38.5345
Poland,POL,2001,40.61225
Poland,POL,2002,41.50925
Poland,POL,2003,41.99925
Poland,POL,2004,45.6545
Poland,POL,2005,45.175
Poland,POL,2006,45.1285
Poland,POL,2007,45.3186111111111
Poland,POL,2008,42.91305555555556
Poland,POL,2009,42.797222222222224
Poland,POL,2010,42.94916666666667
Poland,POL,2011,44.77361111111111
Poland,POL,2012,45.43583333333333
Poland,POL,2013,44.46305555555555
Poland,POL,2014,43.33722222222222
Poland,POL,2015,42.8325
Poland,POL,2016,41.31805555555555
Poland,POL,2017,40.400000000000006
Poland,POL,2018,39.81305555555556
Poland,POL,2019,39.85194444444445
Poland,POL,2020,39.2771075
Qatar,QAT,1970,10.40175
Qatar,QAT,1971,10.40175
Qatar,QAT,1972,11.41605
Qatar,QAT,1973,16.353
Qatar,QAT,1974,13.4343
Qatar,QAT,1975,20.73105
Qatar,QAT,1976,11.3229
Qatar,QAT,1977,16.05285
Qatar,QAT,1978,15.30765
Qatar,QAT,1979,45.1467
Qatar,QAT,1980,49.06934999999999
Qatar,QAT,1981,44.74305
Qatar,QAT,1982,52.31925
Qatar,QAT,1983,54.18225
Qatar,QAT,1984,61.3755
Qatar,QAT,1985,56.511
Qatar,QAT,1986,60.03
Qatar,QAT,1987,58.0635
Qatar,QAT,1988,60.651
Qatar,QAT,1989,64.17
Qatar,QAT,1990,65.205
Qatar,QAT,1991,78.9705
Qatar,QAT,1992,82.25772527777778
Qatar,QAT,1993,85.7181575
Qatar,QAT,1994,89.40333749999999
Qatar,QAT,1995,93.08851722222222
Qatar,QAT,1996,97.03910388888887
Qatar,QAT,1997,134.11154166666668
Qatar,QAT,1998,162.29365916666666
Qatar,QAT,1999,213.64838027777776
Qatar,QAT,2000,257.715
Qatar,QAT,2001,279.45
Qatar,QAT,2002,305.325
Qatar,QAT,2003,324.99
Qatar,QAT,2004,405.4095
Qatar,QAT,2005,474.03
Qatar,QAT,2006,524.745
Qatar,QAT,2007,654.12
Qatar,QAT,2008,796.75335
Qatar,QAT,2009,924.255
Qatar,QAT,2010,1231.1125975
Qatar,QAT,2011,1503.5589899999998
Qatar,QAT,2012,1625.4632977777778
Qatar,QAT,2013,1678.8921358333334
Qatar,QAT,2014,1694.2522783333332
Qatar,QAT,2015,1757.6361894444444
Qatar,QAT,2016,1745.491446111111
Qatar,QAT,2017,1704.675208333333
Qatar,QAT,2018,1690.661298888889
Qatar,QAT,2019,1721.0408994444444
Qatar,QAT,2020,1713.187211111111
Romania,ROU,1970,217.42856055555555
Romania,ROU,1971,232.36145666666667
Romania,ROU,1972,237.68697944444443
Romania,ROU,1973,251.63677388888888
Romania,ROU,1974,259.7159136111111
Romania,ROU,1975,282.1222466666667
Romania,ROU,1976,307.73414388888887
Romania,ROU,1977,325.8959005555556
Romania,ROU,1978,328.1230219444444
Romania,ROU,1979,313.5255916666666
Romania,ROU,1980,323.7340086111111
Romania,ROU,1981,340.74958944444444
Romania,ROU,1982,344.52358194444446
Romania,ROU,1983,341.8864463888889
Romania,ROU,1984,339.4449994444445
Romania,ROU,1985,324.4515330555556
Romania,ROU,1986,328.34200666666663
Romania,ROU,1987,312.0579280555556
Romania,ROU,1988,305.59088888888886
Romania,ROU,1989,273.9452630555556
Romania,ROU,1990,266.45275
Romania,ROU,1991,233.2685
Romania,ROU,1992,204.82325
Romania,ROU,1993,194.92025
Romania,ROU,1994,172.3985
Romania,ROU,1995,168.003
Romania,ROU,1996,160.0755
Romania,ROU,1997,138.4895
Romania,ROU,1998,129.669
Romania,ROU,1999,130.167
Romania,ROU,2000,127.55925
Romania,ROU,2001,125.374
Romania,ROU,2002,123.266
Romania,ROU,2003,121.28375
Romania,ROU,2004,120.68975
Romania,ROU,2005,112.82625
Romania,ROU,2006,111.164
Romania,ROU,2007,107.37675
Romania,ROU,2008,104.5835
Romania,ROU,2009,103.954
Romania,ROU,2010,100.2345
Romania,ROU,2011,100.795
Romania,ROU,2012,100.97975
Romania,ROU,2013,100.019
Romania,ROU,2014,101.943
Romania,ROU,2015,102.17225
Romania,ROU,2016,90.52775
Romania,ROU,2017,100.11401027777777
Romania,ROU,2018,99.57649555555555
Romania,ROU,2019,96.22586638888887
Romania,ROU,2020,87.05940916666667
Russia,RUS,1970,1875.0138644444444
Russia,RUS,1971,2011.937380555556
Russia,RUS,1972,2097.1889644444445
Russia,RUS,1973,2238.3276977777778
Russia,RUS,1974,2468.5069744444445
Russia,RUS,1975,2740.061686388889
Russia,RUS,1976,3040.194625
Russia,RUS,1977,3277.4782
Russia,RUS,1978,3525.569780555556
Russia,RUS,1979,3851.448694444444
Russia,RUS,1980,4122.387702777778
Russia,RUS,1981,4407.506888888888
Russia,RUS,1982,4742.829786111111
Russia,RUS,1983,5074.363722222222
Russia,RUS,1984,5564.086711111111
Russia,RUS,1985,4248.8122416666665
Russia,RUS,1986,4625.671091666666
Russia,RUS,1987,5005.472713888889
Russia,RUS,1988,5423.898230555556
Russia,RUS,1989,5662.998524999999
Russia,RUS,1990,5995.899705555556
Russia,RUS,1991,5913.134219444444
Russia,RUS,1992,5922.330383333334
Russia,RUS,1993,5685.988938888889
Russia,RUS,1994,5584.831122222223
Russia,RUS,1995,5411.943216666667
Russia,RUS,1996,5523.216813888888
Russia,RUS,1997,5235.376844444445
Russia,RUS,1998,5412.862830555556
Russia,RUS,1999,5444.129794444444
Russia,RUS,2000,5370.560472222222
Russia,RUS,2001,5347.570058333334
Russia,RUS,2002,5475.396755555556
Russia,RUS,2003,5706.220502777777
Russia,RUS,2004,5825.77065
Russia,RUS,2005,5894.741888888889
Russia,RUS,2006,6047.812058333333
Russia,RUS,2007,6016.131269444445
Russia,RUS,2008,6114.530236111111
Russia,RUS,2009,5361.897683333333
Russia,RUS,2010,5983.867441666667
Russia,RUS,2011,6168.277222222223
Russia,RUS,2012,6018.549861111112
Russia,RUS,2013,6144.962186111111
Russia,RUS,2014,5911.551558333334
Russia,RUS,2015,5844.395641666667
Russia,RUS,2016,5892.753677777778
Russia,RUS,2017,6355.608625
Russia,RUS,2018,6691.129794444444
Russia,RUS,2019,6790.448377777778
Russia,RUS,2020,6384.897491666667
Saudi Arabia,SAU,1970,15.3615
Saudi Arabia,SAU,1971,12.815499999999998
Saudi Arabia,SAU,1972,14.5255
Saudi Arabia,SAU,1973,17.099999999999998
Saudi Arabia,SAU,1974,21.641
Saudi Arabia,SAU,1975,25.745
Saudi Arabia,SAU,1976,27.79225
Saudi Arabia,SAU,1977,39.1115
Saudi Arabia,SAU,1978,53.9315
Saudi Arabia,SAU,1979,66.215
Saudi Arabia,SAU,1980,92.378
Saudi Arabia,SAU,1981,107.711
Saudi Arabia,SAU,1982,114.1615
Saudi Arabia,SAU,1983,111.473
Saudi Arabia,SAU,1984,172.9
Saudi Arabia,SAU,1985,178.6
Saudi Arabia,SAU,1986,239.4
Saudi Arabia,SAU,1987,254.6
Saudi Arabia,SAU,1988,276.45
Saudi Arabia,SAU,1989,283.1
Saudi Arabia,SAU,1990,318.44
Saudi Arabia,SAU,1991,334.115
Saudi Arabia,SAU,1992,363.375
Saudi Arabia,SAU,1993,380.38
Saudi Arabia,SAU,1994,406.315
Saudi Arabia,SAU,1995,407.835
Saudi Arabia,SAU,1996,421.895
Saudi Arabia,SAU,1997,430.73
Saudi Arabia,SAU,1998,444.79
Saudi Arabia,SAU,1999,438.9
Saudi Arabia,SAU,2000,473.195
Saudi Arabia,SAU,2001,510.055
Saudi Arabia,SAU,2002,538.65
Saudi Arabia,SAU,2003,570.5699999999999
Saudi Arabia,SAU,2004,623.9599999999999
Saudi Arabia,SAU,2005,676.78
Saudi Arabia,SAU,2006,697.8795
Saudi Arabia,SAU,2007,706.99
Saudi Arabia,SAU,2008,764.18
Saudi Arabia,SAU,2009,745.2750000000001
Saudi Arabia,SAU,2010,832.77
Saudi Arabia,SAU,2011,876.47
Saudi Arabia,SAU,2012,943.635
Saudi Arabia,SAU,2013,950.285
Saudi Arabia,SAU,2014,972.61
Saudi Arabia,SAU,2015,992.275
Saudi Arabia,SAU,2016,1053.1699999999998
Saudi Arabia,SAU,2017,1092.50209
Saudi Arabia,SAU,2018,1120.9999999999998
Saudi Arabia,SAU,2019,1111.5
Saudi Arabia,SAU,2020,1121.0005797222225
South & Central America,,1970,186.9968125
South & Central America,,1971,192.0940647222222
South & Central America,,1972,202.69667416666667
South & Central America,,1973,231.46017555555557
South & Central America,,1974,244.9173463888889
South & Central America,,1975,244.68973666666668
South & Central America,,1976,274.2616688888889
South & Central America,,1977,296.56790222222224
South & Central America,,1978,313.43764388888883
South & Central America,,1979,325.81170777777777
South & Central America,,1980,352.54160527777776
South & Central America,,1981,363.9845969444444
South & Central America,,1982,399.8084416666666
South & Central America,,1983,435.9639319444445
South & Central America,,1984,464.3670533333333
South & Central America,,1985,474.1642658333333
South & Central America,,1986,513.6349630555555
South & Central America,,1987,513.7680538888889
South & Central America,,1988,556.2943697222222
South & Central America,,1989,579.6030352777777
South & Central America,,1990,602.2483733333332
South & Central America,,1991,624.4404641666666
South & Central America,,1992,625.3447444444444
South & Central America,,1993,665.5973744444444
South & Central America,,1994,711.1884461111111
South & Central America,,1995,779.666295
South & Central America,,1996,861.1530183333333
South & Central America,,1997,874.0405575
South & Central America,,1998,924.6806630555556
South & Central America,,1999,946.3863591666668
South & Central America,,2000,1017.1945841666668
South & Central America,,2001,1061.9297463888888
South & Central America,,2002,1092.1747233333333
South & Central America,,2003,1196.3357394444445
South & Central America,,2004,1350.3158391666666
South & Central America,,2005,1393.7887469444445
South & Central America,,2006,1518.0649508333331
South & Central America,,2007,1572.5289752777778
South & Central America,,2008,1578.8629913888888
South & Central America,,2009,1523.1207594444445
South & Central America,,2010,1604.2309627777777
South & Central America,,2011,1640.8214927777778
South & Central America,,2012,1705.706167222222
South & Central America,,2013,1737.7386922222222
South & Central America,,2014,1760.4945661111112
South & Central America,,2015,1780.3980194444443
South & Central America,,2016,1778.6730166666666
South & Central America,,2017,1814.3691308333332
South & Central America,,2018,1758.8153302777778
South & Central America,,2019,1723.3109616666666
South & Central America,,2020,1528.726052222222
Syria,SYR,1970,0
Syria,SYR,1971,0
Syria,SYR,1972,0
Syria,SYR,1973,0
Syria,SYR,1974,0
Syria,SYR,1975,0
Syria,SYR,1976,0.314
Syria,SYR,1977,0.3495
Syria,SYR,1978,0.3369999999999999
Syria,SYR,1979,0.3475
Syria,SYR,1980,0.4677499999999999
Syria,SYR,1981,0.472
Syria,SYR,1982,0.4925
Syria,SYR,1983,0.7474999999999999
Syria,SYR,1984,1.2625000000000002
Syria,SYR,1985,1.5
Syria,SYR,1986,3.79275
Syria,SYR,1987,3.73425
Syria,SYR,1988,8.833499999999999
Syria,SYR,1989,14.45925
Syria,SYR,1990,15.92175
Syria,SYR,1991,18.5835
Syria,SYR,1992,19.222
Syria,SYR,1993,19.025
Syria,SYR,1994,20.623
Syria,SYR,1995,26.0055
Syria,SYR,1996,27.7095
Syria,SYR,1997,42.978
Syria,SYR,1998,54.19375
Syria,SYR,1999,53.7225
Syria,SYR,2000,53.7225
Syria,SYR,2001,55.042
Syria,SYR,2002,60.88549999999999
Syria,SYR,2003,64.56125
Syria,SYR,2004,59.3775
Syria,SYR,2005,57.49249999999999
Syria,SYR,2006,58.90624999999999
Syria,SYR,2007,56.55
Syria,SYR,2008,55.6075
Syria,SYR,2009,61.35675
Syria,SYR,2010,84.2595
Syria,SYR,2011,74.17475
Syria,SYR,2012,60.79125
Syria,SYR,2013,49.95249999999999
Syria,SYR,2014,46.1825
Syria,SYR,2015,40.5275
Syria,SYR,2016,35.34375
Syria,SYR,2017,34.8725
Syria,SYR,2018,34.684
Syria,SYR,2019,33.27025
Syria,SYR,2020,29.98944388888889
Thailand,THA,1970,0
Thailand,THA,1971,0
Thailand,THA,1972,0
Thailand,THA,1973,0
Thailand,THA,1974,0
Thailand,THA,1975,0
Thailand,THA,1976,0
Thailand,THA,1977,0
Thailand,THA,1978,0
Thailand,THA,1979,0
Thailand,THA,1980,0
Thailand,THA,1981,2.725560833333333
Thailand,THA,1982,13.89156861111111
Thailand,THA,1983,16.353365833333335
Thailand,THA,1984,24.412820277777776
Thailand,THA,1985,32.09128222222222
Thailand,THA,1986,37.43982916666667
Thailand,THA,1987,52.30879
Thailand,THA,1988,61.998598888888885
Thailand,THA,1989,61.93617472222222
Thailand,THA,1990,67.49866361111111
Thailand,THA,1991,83.65127555555556
Thailand,THA,1992,89.24365777777777
Thailand,THA,1993,100.44571333333332
Thailand,THA,1994,111.0358363888889
Thailand,THA,1995,117.56106361111112
Thailand,THA,1996,135.90350277777776
Thailand,THA,1997,167.30255111111111
Thailand,THA,1998,181.63665722222223
Thailand,THA,1999,198.96594944444445
Thailand,THA,2000,208.9502947222222
Thailand,THA,2001,203.2447872222222
Thailand,THA,2002,212.44428805555555
Thailand,THA,2003,222.1786436111111
Thailand,THA,2004,231.47573722222225
Thailand,THA,2005,245.1773958333333
Thailand,THA,2006,251.7026233333333
Thailand,THA,2007,269.03191555555554
Thailand,THA,2008,297.9794244444445
Thailand,THA,2009,293.89731083333334
Thailand,THA,2010,337.1510105555556
Thailand,THA,2011,338.0388694444444
Thailand,THA,2012,384.49857638888886
Thailand,THA,2013,389.3474811111111
Thailand,THA,2014,390.91995388888887
Thailand,THA,2015,374.7726905555556
Thailand,THA,2016,372.7370775
Thailand,THA,2017,359.4651488888889
Thailand,THA,2018,347.2811586111111
Thailand,THA,2019,357.72687111111105
Thailand,THA,2020,327.0640611111111
Trinidad and Tobago,TTO,1970,17.767575
Trinidad and Tobago,TTO,1971,18.635
Trinidad and Tobago,TTO,1972,19.26075
Trinidad and Tobago,TTO,1973,18.498
Trinidad and Tobago,TTO,1974,16.89975
Trinidad and Tobago,TTO,1975,15.35975
Trinidad and Tobago,TTO,1976,17.288249999999998
Trinidad and Tobago,TTO,1977,20.3215
Trinidad and Tobago,TTO,1978,24.26025
Trinidad and Tobago,TTO,1979,25.0765
Trinidad and Tobago,TTO,1980,28.3325
Trinidad and Tobago,TTO,1981,31.2095
Trinidad and Tobago,TTO,1982,37.93125
Trinidad and Tobago,TTO,1983,39.29725
Trinidad and Tobago,TTO,1984,41.176
Trinidad and Tobago,TTO,1985,42.152
Trinidad and Tobago,TTO,1986,43.1345
Trinidad and Tobago,TTO,1987,45.6935
Trinidad and Tobago,TTO,1988,52.59425
Trinidad and Tobago,TTO,1989,52.69475
Trinidad and Tobago,TTO,1990,54.63375
Trinidad and Tobago,TTO,1991,55.35165472222222
Trinidad and Tobago,TTO,1992,53.48801111111111
Trinidad and Tobago,TTO,1993,60.033137777777775
Trinidad and Tobago,TTO,1994,68.75721944444444
Trinidad and Tobago,TTO,1995,73.81322138888888
Trinidad and Tobago,TTO,1996,83.34404666666667
Trinidad and Tobago,TTO,1997,90.44336444444444
Trinidad and Tobago,TTO,1998,90.44336444444444
Trinidad and Tobago,TTO,1999,114.07534027777776
Trinidad and Tobago,TTO,2000,138.3067111111111
Trinidad and Tobago,TTO,2001,147.1486561111111
Trinidad and Tobago,TTO,2002,172.6241863888889
Trinidad and Tobago,TTO,2003,251.85415916666665
Trinidad and Tobago,TTO,2004,285.7866511111111
Trinidad and Tobago,TTO,2005,300.1034530555556
Trinidad and Tobago,TTO,2006,355.6027119444444
Trinidad and Tobago,TTO,2007,377.0334408333333
Trinidad and Tobago,TTO,2008,373.9951580555555
Trinidad and Tobago,TTO,2009,385.5821044444445
Trinidad and Tobago,TTO,2010,402.93030444444446
Trinidad and Tobago,TTO,2011,386.85216333333335
Trinidad and Tobago,TTO,2012,385.32407222222224
Trinidad and Tobago,TTO,2013,387.4725975
Trinidad and Tobago,TTO,2014,380.67205472222224
Trinidad and Tobago,TTO,2015,359.5585652777778
Trinidad and Tobago,TTO,2016,312.8169844444444
Trinidad and Tobago,TTO,2017,318.7292758333333
Trinidad and Tobago,TTO,2018,339.61113166666667
Trinidad and Tobago,TTO,2019,345.608905
Trinidad and Tobago,TTO,2020,294.6526416666666
Turkmenistan,TKM,1985,787.3193216666666
Turkmenistan,TKM,1986,801.6101277777777
Turkmenistan,TKM,1987,833.7881022222222
Turkmenistan,TKM,1988,835.6809241666666
Turkmenistan,TKM,1989,850.8235005555556
Turkmenistan,TKM,1990,792.42625
Turkmenistan,TKM,1991,761.43375
Turkmenistan,TKM,1992,503.0025
Turkmenistan,TKM,1993,588.8575
Turkmenistan,TKM,1994,323.30375
Turkmenistan,TKM,1995,291.6375
Turkmenistan,TKM,1996,317.625
Turkmenistan,TKM,1997,156.21374999999998
Turkmenistan,TKM,1998,120.12
Turkmenistan,TKM,1999,205.87875
Turkmenistan,TKM,2000,424.36625
Turkmenistan,TKM,2001,463.25125
Turkmenistan,TKM,2002,483.07875
Turkmenistan,TKM,2003,534.1875
Turkmenistan,TKM,2004,526.4875
Turkmenistan,TKM,2005,568.8375
Turkmenistan,TKM,2006,565.95
Turkmenistan,TKM,2007,616
Turkmenistan,TKM,2008,616
Turkmenistan,TKM,2009,333.21750000000003
Turkmenistan,TKM,2010,401.2782694444445
Turkmenistan,TKM,2011,563.1145525
Turkmenistan,TKM,2012,589.6140608333334
Turkmenistan,TKM,2013,589.6140608333334
Turkmenistan,TKM,2014,635.0417894444444
Turkmenistan,TKM,2015,658.702065
Turkmenistan,TKM,2016,632.2025566666666
Turkmenistan,TKM,2017,586.7748280555555
Turkmenistan,TKM,2018,615.1671583333333
Turkmenistan,TKM,2019,631.6318405555555
Turkmenistan,TKM,2020,589.6140608333334
Ukraine,UKR,1985,405.8210422222222
Ukraine,UKR,1986,375.7251719444444
Ukraine,UKR,1987,336.9223205555556
Ukraine,UKR,1988,306.63716805555555
Ukraine,UKR,1989,291.49459194444444
Ukraine,UKR,1990,265.9414947222222
Ukraine,UKR,1991,230.9242872222222
Ukraine,UKR,1992,198.74631277777775
Ukraine,UKR,1993,181.71091444444448
Ukraine,UKR,1994,172.24680444444445
Ukraine,UKR,1995,160.68166166666666
Ukraine,UKR,1996,162.4419861111111
Ukraine,UKR,1997,164.85533444444442
Ukraine,UKR,1998,158.6374138888889
Ukraine,UKR,1999,159.90087277777778
Ukraine,UKR,2000,157.88028527777777
Ukraine,UKR,2001,161.56182388888888
Ukraine,UKR,2002,176.78957722222222
Ukraine,UKR,2003,182.9696411111111
Ukraine,UKR,2004,193.6640855555556
Ukraine,UKR,2005,196.7399213888889
Ukraine,UKR,2006,199.63593916666667
Ukraine,UKR,2007,199.73058
Ukraine,UKR,2008,202.9483775
Ukraine,UKR,2009,203.3742625
Ukraine,UKR,2010,194.27925277777777
Ukraine,UKR,2011,195.44333833333332
Ukraine,UKR,2012,193.92908055555557
Ukraine,UKR,2013,201.58554583333333
Ukraine,UKR,2014,202.1912488888889
Ukraine,UKR,2015,188.3357916666667
Ukraine,UKR,2016,190.22861361111111
Ukraine,UKR,2017,194.0142575
Ukraine,UKR,2018,196.85349055555557
Ukraine,UKR,2019,194.0142575
Ukraine,UKR,2020,189.7459438888889
United Arab Emirates,ARE,1970,8.121749999999999
United Arab Emirates,ARE,1971,14.34225
United Arab Emirates,ARE,1972,14.55675
United Arab Emirates,ARE,1973,16.921125
United Arab Emirates,ARE,1974,16.9455
United Arab Emirates,ARE,1975,16.185
United Arab Emirates,ARE,1976,18.915
United Arab Emirates,ARE,1977,38.025000000000006
United Arab Emirates,ARE,1978,55.67249999999999
United Arab Emirates,ARE,1979,59.572500000000005
United Arab Emirates,ARE,1980,73.32000000000001
United Arab Emirates,ARE,1981,86.38499999999999
United Arab Emirates,ARE,1982,92.625
United Arab Emirates,ARE,1983,81.50999999999999
United Arab Emirates,ARE,1984,107.25
United Arab Emirates,ARE,1985,128.99249999999998
United Arab Emirates,ARE,1986,148.39499999999998
United Arab Emirates,ARE,1987,164.6775
United Arab Emirates,ARE,1988,169.26
United Arab Emirates,ARE,1989,198.705
United Arab Emirates,ARE,1990,196.0725
United Arab Emirates,ARE,1991,232.1475
United Arab Emirates,ARE,1992,216.1575
United Arab Emirates,ARE,1993,224.1525
United Arab Emirates,ARE,1994,251.745
United Arab Emirates,ARE,1995,305.37
United Arab Emirates,ARE,1996,329.55
United Arab Emirates,ARE,1997,354.0225
United Arab Emirates,ARE,1998,361.4325
United Arab Emirates,ARE,1999,375.2775
United Arab Emirates,ARE,2000,374.205
United Arab Emirates,ARE,2001,383.76
United Arab Emirates,ARE,2002,423.0525
United Arab Emirates,ARE,2003,436.7025
United Arab Emirates,ARE,2004,451.3275
United Arab Emirates,ARE,2005,465.9525
United Arab Emirates,ARE,2006,475.7025
United Arab Emirates,ARE,2007,490.3275
United Arab Emirates,ARE,2008,489.84
United Arab Emirates,ARE,2009,476.19
United Arab Emirates,ARE,2010,499.9995
United Arab Emirates,ARE,2011,510.003
United Arab Emirates,ARE,2012,529.425
United Arab Emirates,ARE,2013,532.35
United Arab Emirates,ARE,2014,528.8847880555555
United Arab Emirates,ARE,2015,585.9873522222222
United Arab Emirates,ARE,2016,595.208221111111
United Arab Emirates,ARE,2017,594.9519308333333
United Arab Emirates,ARE,2018,580.3385891666667
United Arab Emirates,ARE,2019,580.2694694444444
United Arab Emirates,ARE,2020,554.3198236111111
United Kingdom,GBR,1970,109.49645
United Kingdom,GBR,1971,181.96298
United Kingdom,GBR,1972,262.55888
United Kingdom,GBR,1973,285.07456
United Kingdom,GBR,1974,343.80606
United Kingdom,GBR,1975,358.00629
United Kingdom,GBR,1976,379.12637
United Kingdom,GBR,1977,396.12943
United Kingdom,GBR,1978,379.33571
United Kingdom,GBR,1979,383.04568
United Kingdom,GBR,1980,364.14693
United Kingdom,GBR,1981,363.33283
United Kingdom,GBR,1982,369.28739
United Kingdom,GBR,1983,380.77783
United Kingdom,GBR,1984,372.24141
United Kingdom,GBR,1985,415.31893
United Kingdom,GBR,1986,436.64835
United Kingdom,GBR,1987,457.14041
United Kingdom,GBR,1988,440.23039
United Kingdom,GBR,1989,431.11247
United Kingdom,GBR,1990,476.03916
United Kingdom,GBR,1991,530.02562
United Kingdom,GBR,1992,538.99235
United Kingdom,GBR,1993,633.6954400000001
United Kingdom,GBR,1994,676.54036
United Kingdom,GBR,1995,740.4534
United Kingdom,GBR,1996,880.6076999999999
United Kingdom,GBR,1997,898.5087
United Kingdom,GBR,1998,943.9731
United Kingdom,GBR,1999,1037.367
United Kingdom,GBR,2000,1134.5904
United Kingdom,GBR,2001,1108.1367
United Kingdom,GBR,2002,1084.8645
United Kingdom,GBR,2003,1078.0610666666666
United Kingdom,GBR,2004,1009.1314108333332
United Kingdom,GBR,2005,923.3902397222222
United Kingdom,GBR,2006,837.4842
United Kingdom,GBR,2007,754.928363888889
United Kingdom,GBR,2008,727.7056497222221
United Kingdom,GBR,2009,612.0574811111111
United Kingdom,GBR,2010,579.0093261111111
United Kingdom,GBR,2011,460.82528388888886
United Kingdom,GBR,2012,391.9238497222222
United Kingdom,GBR,2013,369.8037975
United Kingdom,GBR,2014,374.3151347222222
United Kingdom,GBR,2015,406.6118311111111
United Kingdom,GBR,2016,417.3818908333333
United Kingdom,GBR,2017,418.8464822222222
United Kingdom,GBR,2018,407.1536511111111
United Kingdom,GBR,2019,395.35227638888887
United Kingdom,GBR,2020,394.75040138888886
United States,USA,1970,5714.622983333333
United States,USA,1971,5876.605972222222
United States,USA,1972,5857.550080555555
United States,USA,1973,5852.223102777778
United States,USA,1974,5594.471905555555
United States,USA,1975,5180.414708333333
United States,USA,1976,5138.206141666667
United States,USA,1977,5160.626608333333
United States,USA,1978,5139.498586111111
United States,USA,1979,5295.41685
United States,USA,1980,5250.907472222221
United States,USA,1981,5195.9271944444445
United States,USA,1982,4831.898636111111
United States,USA,1983,4376.738044444444
United States,USA,1984,4749.843775
United States,USA,1985,4478.812325
United States,USA,1986,4362.867225
United States,USA,1987,4519.811530555556
United States,USA,1988,4641.875691666667
United States,USA,1989,4707.467986111111
United States,USA,1990,4833.779272222222
United States,USA,1991,4808.08365
United States,USA,1992,4846.6892
United States,USA,1993,4901.79925
United States,USA,1994,5103.308588888889
United States,USA,1995,5033.208566666666
United States,USA,1996,5102.320791666666
United States,USA,1997,5115.399
United States,USA,1998,5173.280419444444
United States,USA,1999,5101.380472222222
United States,USA,2000,5186.002811111111
United States,USA,2001,5318.9498722222215
United States,USA,2002,5112.287641666667
United States,USA,2003,5178.558072222222
United States,USA,2004,5031.100830555555
United States,USA,2005,4894.408055555556
United States,USA,2006,5017.240561111111
United States,USA,2007,5218.888902777778
United States,USA,2008,5460.674733333333
United States,USA,2009,5575.82511111111
United States,USA,2010,5751.574469444444
United States,USA,2011,6173.585466666666
United States,USA,2012,6491.248277777778
United States,USA,2013,6556.92735
United States,USA,2014,7047.264822222222
United States,USA,2015,7403.032030555555
United States,USA,2016,7273.561113888889
United States,USA,2017,7461.707113888889
United States,USA,2018,8409.36171111111
United States,USA,2019,9299.875272222222
United States,USA,2020,9146.209552777778
Uzbekistan,UZB,1985,327.36356944444447
Uzbekistan,UZB,1986,365.3146508333333
Uzbekistan,UZB,1987,376.6715830555555
Uzbekistan,UZB,1988,377.6179941666667
Uzbekistan,UZB,1989,388.9749263888889
Uzbekistan,UZB,1990,368.06
Uzbekistan,UZB,1991,378.16625
Uzbekistan,UZB,1992,384.615
Uzbekistan,UZB,1993,406.3675
Uzbekistan,UZB,1994,426.195
Uzbekistan,UZB,1995,433.41375
Uzbekistan,UZB,1996,442.365
Uzbekistan,UZB,1997,453.62625
Uzbekistan,UZB,1998,494.725
Uzbekistan,UZB,1999,501.8475
Uzbekistan,UZB,2000,509.25875
Uzbekistan,UZB,2001,514.6487500000001
Uzbekistan,UZB,2002,527.35375
Uzbekistan,UZB,2003,530.915
Uzbekistan,UZB,2004,538.0375
Uzbekistan,UZB,2005,546.21875
Uzbekistan,UZB,2006,565.95
Uzbekistan,UZB,2007,589.05
Uzbekistan,UZB,2008,610.225
Uzbekistan,UZB,2009,584.2375
Uzbekistan,UZB,2010,571.43625
Uzbekistan,UZB,2011,566.43125
Uzbekistan,UZB,2012,565.2762499999999
Uzbekistan,UZB,2013,559.02
Uzbekistan,UZB,2014,562.96625
Uzbekistan,UZB,2015,536.1125
Uzbekistan,UZB,2016,531.2403761111111
Uzbekistan,UZB,2017,533.9565758333333
Uzbekistan,UZB,2018,571.5991272222221
Uzbekistan,UZB,2019,572.9335669444444
Uzbekistan,UZB,2020,470.7325344444444
Venezuela,VEN,1970,85.581
Venezuela,VEN,1971,82.93919999999999
Venezuela,VEN,1972,82.4397
Venezuela,VEN,1973,101.5539
Venezuela,VEN,1974,107.3259
Venezuela,VEN,1975,104.3844
Venezuela,VEN,1976,129.4038
Venezuela,VEN,1977,141.25304999999997
Venezuela,VEN,1978,142.5351
Venezuela,VEN,1979,159.6402
Venezuela,VEN,1980,164.34105
Venezuela,VEN,1981,165.22905
Venezuela,VEN,1982,176.3013
Venezuela,VEN,1983,173.604
Venezuela,VEN,1984,192.03
Venezuela,VEN,1985,192.31305
Venezuela,VEN,1986,211.7214
Venezuela,VEN,1987,206.3157
Venezuela,VEN,1988,211.2108
Venezuela,VEN,1989,216.8718
Venezuela,VEN,1990,243.81705
Venezuela,VEN,1991,243.1122
Venezuela,VEN,1992,239.9598
Venezuela,VEN,1993,258.9519
Venezuela,VEN,1994,273.89805
Venezuela,VEN,1995,305.2611
Venezuela,VEN,1996,330.01410000000004
Venezuela,VEN,1997,342.213
Venezuela,VEN,1998,358.92405
Venezuela,VEN,1999,304.25100000000003
Venezuela,VEN,2000,309.9564
Venezuela,VEN,2001,328.4823
Venezuela,VEN,2002,315.41205
Venezuela,VEN,2003,279.9864
Venezuela,VEN,2004,315.2955
Venezuela,VEN,2005,304.3509
Venezuela,VEN,2006,349.4502
Venezuela,VEN,2007,372.4716
Venezuela,VEN,2008,334.2321
Venezuela,VEN,2009,317.9595
Venezuela,VEN,2010,304.51739999999995
Venezuela,VEN,2011,302.36400000000003
Venezuela,VEN,2012,319.04729999999995
Venezuela,VEN,2013,305.9049
Venezuela,VEN,2014,317.8818
Venezuela,VEN,2015,360.6501
Venezuela,VEN,2016,372.3873394444444
Venezuela,VEN,2017,386.0538775
Venezuela,VEN,2018,316.1909952777778
Venezuela,VEN,2019,255.7621863888889
Venezuela,VEN,2020,187.51450083333333
Vietnam,VNM,1970,0
Vietnam,VNM,1971,0
Vietnam,VNM,1972,0
Vietnam,VNM,1973,0
Vietnam,VNM,1974,0
Vietnam,VNM,1975,0
Vietnam,VNM,1976,0
Vietnam,VNM,1977,0
Vietnam,VNM,1978,0
Vietnam,VNM,1979,0
Vietnam,VNM,1980,0
Vietnam,VNM,1981,0.0964999999999999
Vietnam,VNM,1982,0.1833499999999999
Vietnam,VNM,1983,0.6320749999999999
Vietnam,VNM,1984,0.5500499999999999
Vietnam,VNM,1985,0.342575
Vietnam,VNM,1986,0.35705
Vietnam,VNM,1987,0.35705
Vietnam,VNM,1988,0.2702
Vietnam,VNM,1989,0.31845
Vietnam,VNM,1990,0.3859999999999999
Vietnam,VNM,1991,0.6948
Vietnam,VNM,1992,2.0265
Vietnam,VNM,1993,2.4125
Vietnam,VNM,1994,2.4125
Vietnam,VNM,1995,1.404075
Vietnam,VNM,1996,2.76955
Vietnam,VNM,1997,5.124149999999999
Vietnam,VNM,1998,8.685
Vietnam,VNM,1999,12.545
Vietnam,VNM,2000,15.44
Vietnam,VNM,2001,19.3
Vietnam,VNM,2002,23.16
Vietnam,VNM,2003,22.89945
Vietnam,VNM,2004,40.144
Vietnam,VNM,2005,62.146
Vietnam,VNM,2006,67.55
Vietnam,VNM,2007,68.32199999999999
Vietnam,VNM,2008,72.36535
Vietnam,VNM,2009,77.2965
Vietnam,VNM,2010,90.7293
Vietnam,VNM,2011,81.832
Vietnam,VNM,2012,90.27575
Vietnam,VNM,2013,94.09715
Vietnam,VNM,2014,98.5265
Vietnam,VNM,2015,102.869
Vietnam,VNM,2016,102.3865
Vietnam,VNM,2017,95.2069
Vietnam,VNM,2018,96.5965
Vietnam,VNM,2019,98.5265
Vietnam,VNM,2020,87.12599
World,OWID_WRL,1970,9760.991241666668
World,OWID_WRL,1971,10439.399380555556
World,OWID_WRL,1972,10954.33011111111
World,OWID_WRL,1973,11481.314483333332
World,OWID_WRL,1974,11721.812397222222
World,OWID_WRL,1975,11751.910308333334
World,OWID_WRL,1976,12258.128780555557
World,OWID_WRL,1977,12775.023541666667
World,OWID_WRL,1978,13208.172244444444
World,OWID_WRL,1979,14098.9869
World,OWID_WRL,1980,14284.503602777777
World,OWID_WRL,1981,14530.456427777775
World,OWID_WRL,1982,14596.740591666668
World,OWID_WRL,1983,14727.236319444444
World,OWID_WRL,1984,15987.735466666669
World,OWID_WRL,1985,16409.369675
World,OWID_WRL,1986,16833.986627777776
World,OWID_WRL,1987,17677.68027222222
World,OWID_WRL,1988,18456.924455555552
World,OWID_WRL,1989,19075.454308333334
World,OWID_WRL,1990,19697.011041666665
World,OWID_WRL,1991,19959.55449444444
World,OWID_WRL,1992,20018.21806111111
World,OWID_WRL,1993,20246.191902777777
World,OWID_WRL,1994,20542.418358333336
World,OWID_WRL,1995,20883.398863888888
World,OWID_WRL,1996,21899.8718
World,OWID_WRL,1997,21882.884883333336
World,OWID_WRL,1998,22462.252019444444
World,OWID_WRL,1999,23102.6628
World,OWID_WRL,2000,24007.084494444443
World,OWID_WRL,2001,24574.09879722222
World,OWID_WRL,2002,25148.220077777776
World,OWID_WRL,2003,26047.73083611111
World,OWID_WRL,2004,26926.030727777776
World,OWID_WRL,2005,27580.49778888889
World,OWID_WRL,2006,28521.356333333333
World,OWID_WRL,2007,29283.114138888886
World,OWID_WRL,2008,30354.56908333333
World,OWID_WRL,2009,29414.084
World,OWID_WRL,2010,31507.689583333333
World,OWID_WRL,2011,32579.607305555557
World,OWID_WRL,2012,33268.288888888885
World,OWID_WRL,2013,33660.534555555554
World,OWID_WRL,2014,34378.93522222222
World,OWID_WRL,2015,35116.57269444445
World,OWID_WRL,2016,35520.70080555556
World,OWID_WRL,2017,36762.14297222222
World,OWID_WRL,2018,38528.56486111111
World,OWID_WRL,2019,39762.11875
World,OWID_WRL,2020,38536.62833333333
Yemen,YEM,1970,0
Yemen,YEM,1971,0
Yemen,YEM,1972,0
Yemen,YEM,1973,0
Yemen,YEM,1974,0
Yemen,YEM,1975,0
Yemen,YEM,1976,0
Yemen,YEM,1977,0
Yemen,YEM,1978,0
Yemen,YEM,1979,0
Yemen,YEM,1980,0
Yemen,YEM,1981,0
Yemen,YEM,1982,0
Yemen,YEM,1983,0
Yemen,YEM,1984,0
Yemen,YEM,1985,0
Yemen,YEM,1986,0
Yemen,YEM,1987,0
Yemen,YEM,1988,0
Yemen,YEM,1989,0
Yemen,YEM,1990,0
Yemen,YEM,1991,0
Yemen,YEM,1992,0
Yemen,YEM,1993,0
Yemen,YEM,1994,0
Yemen,YEM,1995,0
Yemen,YEM,1996,0
Yemen,YEM,1997,0
Yemen,YEM,1998,0
Yemen,YEM,1999,0
Yemen,YEM,2000,0
Yemen,YEM,2001,0
Yemen,YEM,2002,0
Yemen,YEM,2003,0
Yemen,YEM,2004,0
Yemen,YEM,2005,0
Yemen,YEM,2006,0
Yemen,YEM,2007,0
Yemen,YEM,2008,0
Yemen,YEM,2009,7.819
Yemen,YEM,2010,62.553
Yemen,YEM,2011,94.23025
Yemen,YEM,2012,76.169
Yemen,YEM,2013,103.52975
Yemen,YEM,2014,97.61675
Yemen,YEM,2015,28.5635
Yemen,YEM,2016,5.01125
Yemen,YEM,2017,3.006675
Yemen,YEM,2018,1.002225
Yemen,YEM,2019,1.002225
Yemen,YEM,2020,1.015083611111111