Entity,Code,Year,Oil - Proved reserves
Africa,,1980,53436518000
Africa,,1981,56281772000
Africa,,1982,58270780000
Africa,,1983,58038758000
Africa,,1984,57766581000
Africa,,1985,57037383330
Africa,,1986,57966056670
Africa,,1987,58663580000
Africa,,1988,58996753330
Africa,,1989,59086526670
Africa,,1990,58725810000
Africa,,1991,60371982330
Africa,,1992,61079080670
Africa,,1993,61233073000
Africa,,1994,65008346000
Africa,,1995,71952928000
Africa,,1996,74932238000
Africa,,1997,75258786000
Africa,,1998,77172286000
Africa,,1999,84719524000
Africa,,2000,92904433000
Africa,,2001,96607551000
Africa,,2002,101601438000
Africa,,2003,106524338000
Africa,,2004,107902838000
Africa,,2005,111748997000
Africa,,2006,117579526000
Africa,,2007,120038074000
Africa,,2008,120751290000
Africa,,2009,122973490000
Africa,,2010,124948122000
Africa,,2011,124622022000
Africa,,2012,127369112000
Africa,,2013,127521412000
Africa,,2014,126756648700
Africa,,2015,127627975300
Africa,,2016,127881572000
Africa,,2017,126617971000
Africa,,2018,125706370100
Africa,,2019,125027883900
Africa,,2020,125111950100
Algeria,DZA,1980,8199999999.999999
Algeria,DZA,1981,8080000000
Algeria,DZA,1982,9440000000
Algeria,DZA,1983,9220000000
Algeria,DZA,1984,9000000000
Algeria,DZA,1985,8820000000
Algeria,DZA,1986,8800000000
Algeria,DZA,1987,8564000000
Algeria,DZA,1988,9200000000
Algeria,DZA,1989,9236000000
Algeria,DZA,1990,9200000000
Algeria,DZA,1991,9200000000
Algeria,DZA,1992,9200000000
Algeria,DZA,1993,9200000000
Algeria,DZA,1994,9979000000
Algeria,DZA,1995,9979000000
Algeria,DZA,1996,10800000000
Algeria,DZA,1997,11200000000
Algeria,DZA,1998,11314000000
Algeria,DZA,1999,11314000000
Algeria,DZA,2000,11314000000
Algeria,DZA,2001,11314000000
Algeria,DZA,2002,11314000000
Algeria,DZA,2003,11800000000
Algeria,DZA,2004,11800000000
Algeria,DZA,2005,12270000000
Algeria,DZA,2006,12270000000
Algeria,DZA,2007,12200000000
Algeria,DZA,2008,12200000000
Algeria,DZA,2009,12200000000
Algeria,DZA,2010,12200000000
Algeria,DZA,2011,12200000000
Algeria,DZA,2012,12200000000
Algeria,DZA,2013,12200000000
Algeria,DZA,2014,12200000000
Algeria,DZA,2015,12200000000
Algeria,DZA,2016,12200000000
Algeria,DZA,2017,12200000000
Algeria,DZA,2018,12200000000
Algeria,DZA,2019,12200000000
Algeria,DZA,2020,12200000000
Angola,AGO,1980,1375000000
Angola,AGO,1981,1108000000
Angola,AGO,1982,1457000000
Angola,AGO,1983,1715000000
Angola,AGO,1984,2146999999.9999998
Angola,AGO,1985,2017999999.9999998
Angola,AGO,1986,1400000000
Angola,AGO,1987,2000000000
Angola,AGO,1988,2000000000
Angola,AGO,1989,2073999999.9999998
Angola,AGO,1990,1625000000
Angola,AGO,1991,1450000000
Angola,AGO,1992,1334000000
Angola,AGO,1993,1901000000
Angola,AGO,1994,2965000000
Angola,AGO,1995,3125000000
Angola,AGO,1996,3695000000
Angola,AGO,1997,3900000000
Angola,AGO,1998,4030000000.0000005
Angola,AGO,1999,5050000000
Angola,AGO,2000,5972000000
Angola,AGO,2001,6500000000
Angola,AGO,2002,8900000000
Angola,AGO,2003,8801000000
Angola,AGO,2004,9035000000
Angola,AGO,2005,9050000000
Angola,AGO,2006,9330000000
Angola,AGO,2007,9500000000
Angola,AGO,2008,9500000000
Angola,AGO,2009,9500000000
Angola,AGO,2010,9055000000
Angola,AGO,2011,9055000000
Angola,AGO,2012,9055000000
Angola,AGO,2013,9011000000
Angola,AGO,2014,8423000000
Angola,AGO,2015,9524000000
Angola,AGO,2016,9523000000
Angola,AGO,2017,8384000000
Angola,AGO,2018,8160000000
Angola,AGO,2019,7783000000
Angola,AGO,2020,7783000000
Argentina,ARG,1980,2457000000
Argentina,ARG,1981,2171652000
Argentina,ARG,1982,1949600000
Argentina,ARG,1983,2449769000
Argentina,ARG,1984,2349000000
Argentina,ARG,1985,2240000000
Argentina,ARG,1986,2233000000
Argentina,ARG,1987,2246000000
Argentina,ARG,1988,2279900000
Argentina,ARG,1989,2167700000
Argentina,ARG,1990,1569987080
Argentina,ARG,1991,1683266572
Argentina,ARG,1992,2017437927
Argentina,ARG,1993,2216787188
Argentina,ARG,1994,2252632820
Argentina,ARG,1995,2386366776
Argentina,ARG,1996,2600434195
Argentina,ARG,1997,2621177991
Argentina,ARG,1998,2753414972
Argentina,ARG,1999,3071188790
Argentina,ARG,2000,2973703013
Argentina,ARG,2001,2878682842
Argentina,ARG,2002,2820508383
Argentina,ARG,2003,2674509296
Argentina,ARG,2004,2478009318
Argentina,ARG,2005,2180262886
Argentina,ARG,2006,2586760146
Argentina,ARG,2007,2616020346
Argentina,ARG,2008,2520308296
Argentina,ARG,2009,2511496271
Argentina,ARG,2010,2524151720
Argentina,ARG,2011,2525000000
Argentina,ARG,2012,2354209480
Argentina,ARG,2013,2329584141
Argentina,ARG,2014,2379708948
Argentina,ARG,2015,2394723984
Argentina,ARG,2016,2162209054
Argentina,ARG,2017,2016765043
Argentina,ARG,2018,2386858073
Argentina,ARG,2019,2482707493
Argentina,ARG,2020,2482707493
Asia Pacific,,1980,33573171230
Asia Pacific,,1981,34451545510
Asia Pacific,,1982,34398882310
Asia Pacific,,1983,35589313950
Asia Pacific,,1984,36846454470
Asia Pacific,,1985,37105743300
Asia Pacific,,1986,37750594710
Asia Pacific,,1987,37973469860
Asia Pacific,,1988,38181718950
Asia Pacific,,1989,32901428400
Asia Pacific,,1990,34655928990
Asia Pacific,,1991,36817730910
Asia Pacific,,1992,36280979000
Asia Pacific,,1993,36570320970
Asia Pacific,,1994,36581662120
Asia Pacific,,1995,36408248490
Asia Pacific,,1996,36445923020
Asia Pacific,,1997,37787416700
Asia Pacific,,1998,39483554050
Asia Pacific,,1999,37027733900
Asia Pacific,,2000,37672133540
Asia Pacific,,2001,38824546530
Asia Pacific,,2002,38948533910
Asia Pacific,,2003,38653546140
Asia Pacific,,2004,41519403350
Asia Pacific,,2005,41463856740
Asia Pacific,,2006,42805422680
Asia Pacific,,2007,43278662790
Asia Pacific,,2008,45952275740
Asia Pacific,,2009,46596797170
Asia Pacific,,2010,47783719430
Asia Pacific,,2011,47852640280
Asia Pacific,,2012,48522280180
Asia Pacific,,2013,49101270990
Asia Pacific,,2014,47663676720
Asia Pacific,,2015,46575055820
Asia Pacific,,2016,45909677310
Asia Pacific,,2017,45786264380
Asia Pacific,,2018,45906202960
Asia Pacific,,2019,45348929260
Asia Pacific,,2020,45158720950
Australia,AUS,1980,2122811126.0000002
Australia,AUS,1981,2618448213
Australia,AUS,1982,2931051807
Australia,AUS,1983,2490765055
Australia,AUS,1984,2559952973
Australia,AUS,1985,2459316001
Australia,AUS,1986,2874443510
Australia,AUS,1987,2905892564
Australia,AUS,1988,3188934047
Australia,AUS,1989,3100876697
Australia,AUS,1990,3157484993
Australia,AUS,1991,3226672912
Australia,AUS,1992,3220383101
Australia,AUS,1993,3258121965
Australia,AUS,1994,3817915122
Australia,AUS,1995,3799045689
Australia,AUS,1996,3817915122
Australia,AUS,1997,4038058498
Australia,AUS,1998,4773966355
Australia,AUS,1999,4742517301
Australia,AUS,2000,4943791245
Australia,AUS,2001,4956370866
Australia,AUS,2002,4572692411
Australia,AUS,2003,3749437952
Australia,AUS,2004,3889260445
Australia,AUS,2005,3718341128
Australia,AUS,2006,3514519810
Australia,AUS,2007,3428959515
Australia,AUS,2008,4239200355.0000005
Australia,AUS,2009,4061399985.0000005
Australia,AUS,2010,3831079695
Australia,AUS,2011,3872944676
Australia,AUS,2012,3921967461
Australia,AUS,2013,3957498602
Australia,AUS,2014,2390342096
Australia,AUS,2015,2390342096
Australia,AUS,2016,2390342096
Australia,AUS,2017,2390342096
Australia,AUS,2018,2390342096
Australia,AUS,2019,2390342096
Australia,AUS,2020,2390342096
Azerbaijan,AZE,1991,1254000000
Azerbaijan,AZE,1992,1254000000
Azerbaijan,AZE,1993,1254000000
Azerbaijan,AZE,1994,1157000000
Azerbaijan,AZE,1995,1157000000
Azerbaijan,AZE,1996,1157000000
Azerbaijan,AZE,1997,1157000000
Azerbaijan,AZE,1998,1157000000
Azerbaijan,AZE,1999,1178000000
Azerbaijan,AZE,2000,1178000000
Azerbaijan,AZE,2001,1178000000
Azerbaijan,AZE,2002,7000000000
Azerbaijan,AZE,2003,7000000000
Azerbaijan,AZE,2004,7000000000
Azerbaijan,AZE,2005,7000000000
Azerbaijan,AZE,2006,7000000000
Azerbaijan,AZE,2007,7000000000
Azerbaijan,AZE,2008,7000000000
Azerbaijan,AZE,2009,7000000000
Azerbaijan,AZE,2010,7000000000
Azerbaijan,AZE,2011,7000000000
Azerbaijan,AZE,2012,7000000000
Azerbaijan,AZE,2013,7000000000
Azerbaijan,AZE,2014,7000000000
Azerbaijan,AZE,2015,7000000000
Azerbaijan,AZE,2016,7000000000
Azerbaijan,AZE,2017,7000000000
Azerbaijan,AZE,2018,7000000000
Azerbaijan,AZE,2019,7000000000
Azerbaijan,AZE,2020,7000000000
Brazil,BRA,1980,1317966943
Brazil,BRA,1981,1475841193
Brazil,BRA,1982,1718439193
Brazil,BRA,1983,1849833340
Brazil,BRA,1984,2016010140
Brazil,BRA,1985,2168060025
Brazil,BRA,1986,2358414857
Brazil,BRA,1987,2550757269
Brazil,BRA,1988,2816136964
Brazil,BRA,1989,2759836868
Brazil,BRA,1990,4513039846
Brazil,BRA,1991,4818340969
Brazil,BRA,1992,4965742684
Brazil,BRA,1993,4982159090
Brazil,BRA,1994,5374442007
Brazil,BRA,1995,6223044403
Brazil,BRA,1996,6680678453
Brazil,BRA,1997,7105945137
Brazil,BRA,1998,7357254525
Brazil,BRA,1999,8153311842.000001
Brazil,BRA,2000,8464487649.000001
Brazil,BRA,2001,8485199996
Brazil,BRA,2002,9804286526
Brazil,BRA,2003,10601589230
Brazil,BRA,2004,11243036700
Brazil,BRA,2005,11772261380
Brazil,BRA,2006,12182000000
Brazil,BRA,2007,12623830000
Brazil,BRA,2008,12801420000
Brazil,BRA,2009,12875670000
Brazil,BRA,2010,14246330000
Brazil,BRA,2011,15049890000
Brazil,BRA,2012,15314221000
Brazil,BRA,2013,15544435220
Brazil,BRA,2014,16184112290.000002
Brazil,BRA,2015,12999781290
Brazil,BRA,2016,12633719560
Brazil,BRA,2017,12793924800
Brazil,BRA,2018,13435306570
Brazil,BRA,2019,12714600000
Brazil,BRA,2020,11925011330
Brunei,BRN,1980,1294000000
Brunei,BRN,1981,1500000000
Brunei,BRN,1982,1445250000
Brunei,BRN,1983,1527000000
Brunei,BRN,1984,1470270000
Brunei,BRN,1985,1443000000
Brunei,BRN,1986,1475000000
Brunei,BRN,1987,1600000000
Brunei,BRN,1988,1200000000
Brunei,BRN,1989,1151700000
Brunei,BRN,1990,1124000000
Brunei,BRN,1991,1150000000
Brunei,BRN,1992,1130000000
Brunei,BRN,1993,1250000000
Brunei,BRN,1994,1188000000
Brunei,BRN,1995,1124000000
Brunei,BRN,1996,1090000000
Brunei,BRN,1997,1060000000
Brunei,BRN,1998,1020000000
Brunei,BRN,1999,1300000000
Brunei,BRN,2000,1230000000
Brunei,BRN,2001,1160000000
Brunei,BRN,2002,1100000000
Brunei,BRN,2003,1050000000
Brunei,BRN,2004,1120300000
Brunei,BRN,2005,1105000000
Brunei,BRN,2006,1200000000
Brunei,BRN,2007,1078000000
Brunei,BRN,2008,1078000000
Brunei,BRN,2009,1100000000
Brunei,BRN,2010,1100000000
Brunei,BRN,2011,1100000000
Brunei,BRN,2012,1100000000
Brunei,BRN,2013,1100000000
Brunei,BRN,2014,1100000000
Brunei,BRN,2015,1100000000
Brunei,BRN,2016,1100000000
Brunei,BRN,2017,1100000000
Brunei,BRN,2018,1100000000
Brunei,BRN,2019,1100000000
Brunei,BRN,2020,1100000000
CIS,,1980,67000000000
CIS,,1981,63000000000
CIS,,1982,63000000000
CIS,,1983,63000000000
CIS,,1984,63000000000
CIS,,1985,63000000000
CIS,,1986,61000000000
CIS,,1987,59000000000
CIS,,1988,59000000000
CIS,,1989,58500000000
CIS,,1990,58400000000
CIS,,1991,123647865000
CIS,,1992,123647865000
CIS,,1993,122575283000
CIS,,1994,122609283000
CIS,,1995,121139631000
CIS,,1996,121471831000
CIS,,1997,120976993400
CIS,,1998,121058993400
CIS,,1999,120080022600
CIS,,2000,120080022600
CIS,,2001,119263177000
CIS,,2002,123467250600
CIS,,2003,125156699000
CIS,,2004,122853680000
CIS,,2005,121794815000
CIS,,2006,121477724000
CIS,,2007,144871029000
CIS,,2008,144810166000
CIS,,2009,144007953000
CIS,,2010,144244351800
CIS,,2011,144153449600
CIS,,2012,143935586000
CIS,,2013,143460416400
CIS,,2014,141607892000
CIS,,2015,140819200000
CIS,,2016,144726890000
CIS,,2017,145035534000
CIS,,2018,145664779400
CIS,,2019,146248239200
CIS,,2020,146248239200
Canada,CAN,1980,39527523100
Canada,CAN,1981,40175335870
Canada,CAN,1982,40312095230
Canada,CAN,1983,40491260490
Canada,CAN,1984,40531766870
Canada,CAN,1985,40939038400
Canada,CAN,1986,41102001110
Canada,CAN,1987,41201260610
Canada,CAN,1988,41467759890
Canada,CAN,1989,41295702120
Canada,CAN,1990,40293835910
Canada,CAN,1991,40098361170
Canada,CAN,1992,39633990730
Canada,CAN,1993,39495721820
Canada,CAN,1994,48149205700
Canada,CAN,1995,48366556400
Canada,CAN,1996,48942627590
Canada,CAN,1997,48803094430
Canada,CAN,1998,49823087880
Canada,CAN,1999,181560450400
Canada,CAN,2000,181503697500
Canada,CAN,2001,180940948100
Canada,CAN,2002,180400005500
Canada,CAN,2003,179902946900
Canada,CAN,2004,179576046600
Canada,CAN,2005,180044109100
Canada,CAN,2006,179361960300
Canada,CAN,2007,178834025000
Canada,CAN,2008,176349920900
Canada,CAN,2009,175015216800
Canada,CAN,2010,174848021000
Canada,CAN,2011,174176873000
Canada,CAN,2012,173716100400
Canada,CAN,2013,173037536700
Canada,CAN,2014,172155994600
Canada,CAN,2015,171512307900
Canada,CAN,2016,170528323600
Canada,CAN,2017,171791682500
Canada,CAN,2018,170732189000
Canada,CAN,2019,169124909600
Canada,CAN,2020,168087610800
Chad,TCD,1980,0
Chad,TCD,1981,0
Chad,TCD,1982,0
Chad,TCD,1983,0
Chad,TCD,1984,0
Chad,TCD,1985,0
Chad,TCD,1986,0
Chad,TCD,1987,0
Chad,TCD,1988,0
Chad,TCD,1989,0
Chad,TCD,1990,0
Chad,TCD,1991,0
Chad,TCD,1992,0
Chad,TCD,1993,0
Chad,TCD,1994,0
Chad,TCD,1995,0
Chad,TCD,1996,0
Chad,TCD,1997,0
Chad,TCD,1998,0
Chad,TCD,1999,0
Chad,TCD,2000,900000000
Chad,TCD,2001,900000000
Chad,TCD,2002,900000000
Chad,TCD,2003,900000000
Chad,TCD,2004,900000000
Chad,TCD,2005,1500000000
Chad,TCD,2006,1500000000
Chad,TCD,2007,1500000000
Chad,TCD,2008,1500000000
Chad,TCD,2009,1500000000
Chad,TCD,2010,1500000000
Chad,TCD,2011,1500000000
Chad,TCD,2012,1500000000
Chad,TCD,2013,1500000000
Chad,TCD,2014,1500000000
Chad,TCD,2015,1500000000
Chad,TCD,2016,1500000000
Chad,TCD,2017,1500000000
Chad,TCD,2018,1500000000
Chad,TCD,2019,1500000000
Chad,TCD,2020,1500000000
China,CHN,1980,13352621200
China,CHN,1981,13290462800
China,CHN,1982,13258870500
China,CHN,1983,14880852900
China,CHN,1984,16364591500
China,CHN,1985,17087696000.000002
China,CHN,1986,17161289199.999998
China,CHN,1987,17423483300
China,CHN,1988,17283626900
China,CHN,1989,16058490700
China,CHN,1990,16019715000.000002
China,CHN,1991,15513212000
China,CHN,1992,15193110900
China,CHN,1993,16435326000
China,CHN,1994,16257940000.000002
China,CHN,1995,16355062499.999998
China,CHN,1996,16444488499.999998
China,CHN,1997,17021506100
China,CHN,1998,17422823600
China,CHN,1999,15111900000
China,CHN,2000,15190300000
China,CHN,2001,15411500000
China,CHN,2002,15508700000
China,CHN,2003,15475700000
China,CHN,2004,18258876070
China,CHN,2005,18249655660
China,CHN,2006,20220299780
China,CHN,2007,20762501340
China,CHN,2008,21186851900
China,CHN,2009,21617621340
China,CHN,2010,23268007490
China,CHN,2011,23746847070
China,CHN,2012,24427835590
China,CHN,2013,24682514970
China,CHN,2014,25166455500
China,CHN,2015,25626464310
China,CHN,2016,25663817990
China,CHN,2017,25948200000
China,CHN,2018,26190090000
China,CHN,2019,25962757380
China,CHN,2020,25962757380
Colombia,COL,1980,550000000
Colombia,COL,1981,530000000
Colombia,COL,1982,610000000
Colombia,COL,1983,640000000
Colombia,COL,1984,1100000000
Colombia,COL,1985,1240000000
Colombia,COL,1986,1700000000
Colombia,COL,1987,1910000000
Colombia,COL,1988,2049999999.9999998
Colombia,COL,1989,1980000000
Colombia,COL,1990,1990000000
Colombia,COL,1991,1884600000
Colombia,COL,1992,3231900000
Colombia,COL,1993,3156400000
Colombia,COL,1994,3139000000
Colombia,COL,1995,2951900000
Colombia,COL,1996,2798000000
Colombia,COL,1997,2577200000
Colombia,COL,1998,2477800000
Colombia,COL,1999,2289200000
Colombia,COL,2000,1971900000
Colombia,COL,2001,1842200000
Colombia,COL,2002,1631700000
Colombia,COL,2003,1542400000
Colombia,COL,2004,1477600000
Colombia,COL,2005,1453200000
Colombia,COL,2006,1509400000
Colombia,COL,2007,1510000000
Colombia,COL,2008,1362000000
Colombia,COL,2009,1360000000
Colombia,COL,2010,1900000000
Colombia,COL,2011,1987600000
Colombia,COL,2012,2200000000
Colombia,COL,2013,2377000000
Colombia,COL,2014,2445000000
Colombia,COL,2015,2308000000
Colombia,COL,2016,2001999999.9999998
Colombia,COL,2017,1665490000
Colombia,COL,2018,1782208000
Colombia,COL,2019,1960000000
Colombia,COL,2020,2036000000
Congo,COG,1980,705440000
Congo,COG,1981,733045000
Congo,COG,1982,754425000
Congo,COG,1983,738345000
Congo,COG,1984,798431000
Congo,COG,1985,756000000
Congo,COG,1986,719700000
Congo,COG,1987,695000000
Congo,COG,1988,750000000
Congo,COG,1989,710000000
Congo,COG,1990,754500000
Congo,COG,1991,698300000
Congo,COG,1992,725000000
Congo,COG,1993,650500000
Congo,COG,1994,1412700000
Congo,COG,1995,1349700000
Congo,COG,1996,1600000000
Congo,COG,1997,1615000000
Congo,COG,1998,1700000000
Congo,COG,1999,1700000000
Congo,COG,2000,1505913000
Congo,COG,2001,1505913000
Congo,COG,2002,1515000000
Congo,COG,2003,1785000000
Congo,COG,2004,1784000000
Congo,COG,2005,1905000000
Congo,COG,2006,1940000000
Congo,COG,2007,1940000000
Congo,COG,2008,1940000000
Congo,COG,2009,2000000000
Congo,COG,2010,2000000000
Congo,COG,2011,2000000000
Congo,COG,2012,2000000000
Congo,COG,2013,2673000000
Congo,COG,2014,2867000000
Congo,COG,2015,2982000000
Congo,COG,2016,2982000000
Congo,COG,2017,2982000000
Congo,COG,2018,2982000000
Congo,COG,2019,2882000000
Congo,COG,2020,2882000000
Denmark,DNK,1980,450000000
Denmark,DNK,1981,371000000
Denmark,DNK,1982,327070159
Denmark,DNK,1983,308200726
Denmark,DNK,1984,465445995
Denmark,DNK,1985,446576563
Denmark,DNK,1986,402547888
Denmark,DNK,1987,402547888
Denmark,DNK,1988,540923724
Denmark,DNK,1989,628981074
Denmark,DNK,1990,591242210
Denmark,DNK,1991,616401453
Denmark,DNK,1992,748487479
Denmark,DNK,1993,704458803
Denmark,DNK,1994,754777289
Denmark,DNK,1995,912022558
Denmark,DNK,1996,861704072
Denmark,DNK,1997,943471612
Denmark,DNK,1998,880573504
Denmark,DNK,1999,905732747
Denmark,DNK,2000,1113296502
Denmark,DNK,2001,1346019499
Denmark,DNK,2002,1276831581
Denmark,DNK,2003,1276831581
Denmark,DNK,2004,1327150067
Denmark,DNK,2005,1276831581
Denmark,DNK,2006,1157325177
Denmark,DNK,2007,1113296502
Denmark,DNK,2008,811385586
Denmark,DNK,2009,918312369
Denmark,DNK,2010,899442936
Denmark,DNK,2011,805095775
Denmark,DNK,2012,729618046
Denmark,DNK,2013,673009750
Denmark,DNK,2014,610111642
Denmark,DNK,2015,490605238
Denmark,DNK,2016,440286752
Denmark,DNK,2017,427707131
Denmark,DNK,2018,440286752
Denmark,DNK,2019,427707131
Denmark,DNK,2020,427707131
Ecuador,ECU,1980,569103995
Ecuador,ECU,1981,528315968
Ecuador,ECU,1982,534101089
Ecuador,ECU,1983,515226400.99999994
Ecuador,ECU,1984,664470841
Ecuador,ECU,1985,670840318
Ecuador,ECU,1986,721737698
Ecuador,ECU,1987,931638257
Ecuador,ECU,1988,885240416
Ecuador,ECU,1989,842407145
Ecuador,ECU,1990,791918815
Ecuador,ECU,1991,890791795
Ecuador,ECU,1992,1893312396
Ecuador,ECU,1993,2138624909.9999998
Ecuador,ECU,1994,2040102542
Ecuador,ECU,1995,1978219276
Ecuador,ECU,1996,2017780155
Ecuador,ECU,1997,2146922759.9999998
Ecuador,ECU,1998,2397026990
Ecuador,ECU,1999,2587526941
Ecuador,ECU,2000,2668168025
Ecuador,ECU,2001,3422921818
Ecuador,ECU,2002,3731338901
Ecuador,ECU,2003,3725910237
Ecuador,ECU,2004,3656085577
Ecuador,ECU,2005,2639534597
Ecuador,ECU,2006,2445528511
Ecuador,ECU,2007,2510391992
Ecuador,ECU,2008,2499289234
Ecuador,ECU,2009,2662908824
Ecuador,ECU,2010,2067450388.0000002
Ecuador,ECU,2011,2009014820
Ecuador,ECU,2012,1942398273
Ecuador,ECU,2013,2056931986
Ecuador,ECU,2014,1772935126
Ecuador,ECU,2015,1806243400
Ecuador,ECU,2016,1703750300
Ecuador,ECU,2017,1632307700
Ecuador,ECU,2018,1302547100
Ecuador,ECU,2019,1302547100
Ecuador,ECU,2020,1302547100
Egypt,EGY,1980,2916450000
Egypt,EGY,1981,3530300000
Egypt,EGY,1982,3699625000
Egypt,EGY,1983,3958599000
Egypt,EGY,1984,4025600000
Egypt,EGY,1985,3800000000
Egypt,EGY,1986,4500000000
Egypt,EGY,1987,4685000000
Egypt,EGY,1988,4270500000
Egypt,EGY,1989,4300000000
Egypt,EGY,1990,3459000000
Egypt,EGY,1991,3535300000
Egypt,EGY,1992,3435000000
Egypt,EGY,1993,3425000000
Egypt,EGY,1994,3941000000
Egypt,EGY,1995,3804000000
Egypt,EGY,1996,3843500000
Egypt,EGY,1997,3719000000
Egypt,EGY,1998,3756700000
Egypt,EGY,1999,3767000000
Egypt,EGY,2000,3626900000
Egypt,EGY,2001,3668000000
Egypt,EGY,2002,3525000000
Egypt,EGY,2003,3525000000
Egypt,EGY,2004,3620000000
Egypt,EGY,2005,3720000000
Egypt,EGY,2006,3720000000
Egypt,EGY,2007,4070000000.0000005
Egypt,EGY,2008,4200000000
Egypt,EGY,2009,4400000000
Egypt,EGY,2010,4500000000
Egypt,EGY,2011,4300000000
Egypt,EGY,2012,4200000000
Egypt,EGY,2013,3900000000
Egypt,EGY,2014,3681000000
Egypt,EGY,2015,3473000000
Egypt,EGY,2016,3384000000
Egypt,EGY,2017,3325000000
Egypt,EGY,2018,3197000000
Egypt,EGY,2019,3146000000
Egypt,EGY,2020,3146000000
Equatorial Guinea,GNQ,1991,300000000
Equatorial Guinea,GNQ,1992,300000000
Equatorial Guinea,GNQ,1993,300000000
Equatorial Guinea,GNQ,1994,300000000
Equatorial Guinea,GNQ,1995,555000000
Equatorial Guinea,GNQ,1996,555000000
Equatorial Guinea,GNQ,1997,555000000
Equatorial Guinea,GNQ,1998,555000000
Equatorial Guinea,GNQ,1999,555000000
Equatorial Guinea,GNQ,2000,800000000
Equatorial Guinea,GNQ,2001,1110000000
Equatorial Guinea,GNQ,2002,1095000000
Equatorial Guinea,GNQ,2003,1280000000
Equatorial Guinea,GNQ,2004,1765000000
Equatorial Guinea,GNQ,2005,1805000000
Equatorial Guinea,GNQ,2006,1755000000
Equatorial Guinea,GNQ,2007,1705000000
Equatorial Guinea,GNQ,2008,1705000000
Equatorial Guinea,GNQ,2009,1705000000
Equatorial Guinea,GNQ,2010,1705000000
Equatorial Guinea,GNQ,2011,1705000000
Equatorial Guinea,GNQ,2012,1705000000
Equatorial Guinea,GNQ,2013,1705000000
Equatorial Guinea,GNQ,2014,1100000000
Equatorial Guinea,GNQ,2015,1100000000
Equatorial Guinea,GNQ,2016,1100000000
Equatorial Guinea,GNQ,2017,1100000000
Equatorial Guinea,GNQ,2018,1100000000
Equatorial Guinea,GNQ,2019,1100000000
Equatorial Guinea,GNQ,2020,1100000000
Europe,,1980,16578474150.000002
Europe,,1981,15768626500
Europe,,1982,15329862520
Europe,,1983,16410601860
Europe,,1984,15761531810
Europe,,1985,16301576290
Europe,,1986,16509034920.000002
Europe,,1987,16343906460
Europe,,1988,17245934340
Europe,,1989,16879922270.000002
Europe,,1990,17510329350
Europe,,1991,18284077390
Europe,,1992,19156707780
Europe,,1993,18595737080
Europe,,1994,18553202000
Europe,,1995,20012254520
Europe,,1996,21372662730
Europe,,1997,21681420240
Europe,,1998,21376258850
Europe,,1999,20733155670
Europe,,2000,21043582520
Europe,,2001,21176753530
Europe,,2002,19224887560
Europe,,2003,18794901330
Europe,,2004,17966775570
Europe,,2005,17697840230
Europe,,2006,16133564740
Europe,,2007,15494499740
Europe,,2008,14179297300
Europe,,2009,13999276510
Europe,,2010,13627595400
Europe,,2011,13893566210
Europe,,2012,14248286710
Europe,,2013,13701323200
Europe,,2014,12891921100
Europe,,2015,13921344280
Europe,,2016,13148796230
Europe,,2017,13616650070
Europe,,2018,14524626400
Europe,,2019,14195733600
Europe,,2020,13628963060
European Union,,1980,3342482591
European Union,,1981,3121481834
European Union,,1982,3201138693
European Union,,1983,3790829964
European Union,,1984,4027302801.0000005
European Union,,1985,4004815801.0000005
European Union,,1986,3950529693
European Union,,1987,3820621883
European Union,,1988,3977865287
European Union,,1989,3879687205
European Union,,1990,4241456644.0000005
European Union,,1991,4316793887
European Union,,1992,3948657480
European Union,,1993,3605070247
European Union,,1994,3678959748
European Union,,1995,3788863846
European Union,,1996,3729146325
European Union,,1997,3513798596
European Union,,1998,3602600088
European Union,,1999,3802530675
European Union,,2000,3929137439
European Union,,2001,4047782394.9999995
European Union,,2002,3325219335
European Union,,2003,3363050941
European Union,,2004,3264733684
European Union,,2005,3152451913
European Union,,2006,3019117466
European Union,,2007,2967641112
European Union,,2008,2639999362
European Union,,2009,3211737408
European Union,,2010,3193530211
European Union,,2011,3076360847
European Union,,2012,2915674302
European Union,,2013,2815301801
European Union,,2014,2748131573
European Union,,2015,2566615241
European Union,,2016,2357648622
European Union,,2017,2375600774
European Union,,2018,2381176603
European Union,,2019,2359712286
European Union,,2020,2424385124
Gabon,GAB,1980,470925000
Gabon,GAB,1981,463488000
Gabon,GAB,1982,481785000
Gabon,GAB,1983,547300000
Gabon,GAB,1984,623000000
Gabon,GAB,1985,657000000
Gabon,GAB,1986,646000000
Gabon,GAB,1987,960000000
Gabon,GAB,1988,930000000
Gabon,GAB,1989,958600000
Gabon,GAB,1990,860000000
Gabon,GAB,1991,876000000
Gabon,GAB,1992,768400000
Gabon,GAB,1993,662000000
Gabon,GAB,1994,1400000000
Gabon,GAB,1995,1470000000
Gabon,GAB,1996,2800000000
Gabon,GAB,1997,2672300000
Gabon,GAB,1998,2565000000
Gabon,GAB,1999,2565000000
Gabon,GAB,2000,2420000000
Gabon,GAB,2001,2400000000
Gabon,GAB,2002,2370000000
Gabon,GAB,2003,2285000000
Gabon,GAB,2004,2190000000
Gabon,GAB,2005,2146000000
Gabon,GAB,2006,2150000000
Gabon,GAB,2007,2000000000
Gabon,GAB,2008,2000000000
Gabon,GAB,2009,2000000000
Gabon,GAB,2010,2000000000
Gabon,GAB,2011,2000000000
Gabon,GAB,2012,2000000000
Gabon,GAB,2013,2000000000
Gabon,GAB,2014,2000000000
Gabon,GAB,2015,2000000000
Gabon,GAB,2016,2000000000
Gabon,GAB,2017,2000000000
Gabon,GAB,2018,2000000000
Gabon,GAB,2019,2000000000
Gabon,GAB,2020,2000000000
India,IND,1980,2756958900
India,IND,1981,3482400000
India,IND,1982,3504700000
India,IND,1983,3620000000
India,IND,1984,3760000000
India,IND,1985,3761310300
India,IND,1986,4635000000
India,IND,1987,4415600000
India,IND,1988,4463500000
India,IND,1989,4345400000
India,IND,1990,5563164000
India,IND,1991,6125600000
India,IND,1992,5910000000
India,IND,1993,5860000000
India,IND,1994,5807300000
India,IND,1995,5509776300
India,IND,1996,5486960400
India,IND,1997,5625437100
India,IND,1998,5394266100
India,IND,1999,4972209600
India,IND,2000,5289900300
India,IND,2001,5513466000
India,IND,2002,5576341500
India,IND,2003,5731158300
India,IND,2004,5565272400
India,IND,2005,5918881200
India,IND,2006,5692680000
India,IND,2007,5459250000
India,IND,2008,5798100000
India,IND,2009,5822873700
India,IND,2010,5833189800
India,IND,2011,5703523200
India,IND,2012,5719712700
India,IND,2013,5711030610
India,IND,2014,5743409610
India,IND,2015,4786068000
India,IND,2016,4678238400
India,IND,2017,4548865470
India,IND,2018,4476577470
India,IND,2019,4660614314
India,IND,2020,4543292181
Indonesia,IDN,1980,11603000000
Indonesia,IDN,1981,11018000000
Indonesia,IDN,1982,10534000000
Indonesia,IDN,1983,10080000000
Indonesia,IDN,1984,9611000000
Indonesia,IDN,1985,9180000000
Indonesia,IDN,1986,9000000000
Indonesia,IDN,1987,9000000000
Indonesia,IDN,1988,9000000000
Indonesia,IDN,1989,5114000000
Indonesia,IDN,1990,5415000000
Indonesia,IDN,1991,5909000000
Indonesia,IDN,1992,5598000000
Indonesia,IDN,1993,5167000000
Indonesia,IDN,1994,4980000000
Indonesia,IDN,1995,4980000000
Indonesia,IDN,1996,4730000000
Indonesia,IDN,1997,4870000000
Indonesia,IDN,1998,5100000000
Indonesia,IDN,1999,5200000000
Indonesia,IDN,2000,5120000000
Indonesia,IDN,2001,5100000000
Indonesia,IDN,2002,4720000000
Indonesia,IDN,2003,4730000000
Indonesia,IDN,2004,4300000000
Indonesia,IDN,2005,4190000000.0000005
Indonesia,IDN,2006,4370000000
Indonesia,IDN,2007,3988740000
Indonesia,IDN,2008,3747500000
Indonesia,IDN,2009,4303000000
Indonesia,IDN,2010,4230000000.0000005
Indonesia,IDN,2011,3741330000
Indonesia,IDN,2012,3741330000
Indonesia,IDN,2013,3692500000
Indonesia,IDN,2014,3624500000
Indonesia,IDN,2015,3602530000
Indonesia,IDN,2016,3306900000
Indonesia,IDN,2017,3170900000
Indonesia,IDN,2018,3154300000
Indonesia,IDN,2019,2483970000
Indonesia,IDN,2020,2440000000
Iran,IRN,1980,58296000000
Iran,IRN,1981,57020000000
Iran,IRN,1982,56148000000
Iran,IRN,1983,55257000000
Iran,IRN,1984,58874000000
Iran,IRN,1985,59000000000
Iran,IRN,1986,92860000000
Iran,IRN,1987,92860000000
Iran,IRN,1988,92860000000
Iran,IRN,1989,92860000000
Iran,IRN,1990,92850000000
Iran,IRN,1991,92860000000
Iran,IRN,1992,92860000000
Iran,IRN,1993,92860000000
Iran,IRN,1994,94300000000
Iran,IRN,1995,93700000000
Iran,IRN,1996,92600000000
Iran,IRN,1997,92600000000
Iran,IRN,1998,93700000000
Iran,IRN,1999,93100000000
Iran,IRN,2000,99530000000
Iran,IRN,2001,99080000000
Iran,IRN,2002,130690000000
Iran,IRN,2003,133250000000
Iran,IRN,2004,132740000000.00002
Iran,IRN,2005,137490000000
Iran,IRN,2006,138400000000
Iran,IRN,2007,136150000000
Iran,IRN,2008,137620000000
Iran,IRN,2009,137009999999.99998
Iran,IRN,2010,151170000000
Iran,IRN,2011,154580000000
Iran,IRN,2012,157300000000
Iran,IRN,2013,157800000000
Iran,IRN,2014,157530000000
Iran,IRN,2015,158400000000
Iran,IRN,2016,157200000000
Iran,IRN,2017,155600000000
Iran,IRN,2018,155600000000
Iran,IRN,2019,157800000000
Iran,IRN,2020,157800000000
Iraq,IRQ,1980,30000000000
Iraq,IRQ,1981,32000000000
Iraq,IRQ,1982,59000000000
Iraq,IRQ,1983,65000000000
Iraq,IRQ,1984,65000000000
Iraq,IRQ,1985,65000000000
Iraq,IRQ,1986,72000000000
Iraq,IRQ,1987,100000000000
Iraq,IRQ,1988,100000000000
Iraq,IRQ,1989,100000000000
Iraq,IRQ,1990,100000000000
Iraq,IRQ,1991,100000000000
Iraq,IRQ,1992,100000000000
Iraq,IRQ,1993,100000000000
Iraq,IRQ,1994,100000000000
Iraq,IRQ,1995,100000000000
Iraq,IRQ,1996,112000000000
Iraq,IRQ,1997,112500000000
Iraq,IRQ,1998,112500000000
Iraq,IRQ,1999,112500000000
Iraq,IRQ,2000,112500000000
Iraq,IRQ,2001,115000000000
Iraq,IRQ,2002,115000000000
Iraq,IRQ,2003,115000000000
Iraq,IRQ,2004,115000000000
Iraq,IRQ,2005,115000000000
Iraq,IRQ,2006,115000000000
Iraq,IRQ,2007,115000000000
Iraq,IRQ,2008,115000000000
Iraq,IRQ,2009,115000000000
Iraq,IRQ,2010,115000000000
Iraq,IRQ,2011,143100000000
Iraq,IRQ,2012,140300000000
Iraq,IRQ,2013,144211000000
Iraq,IRQ,2014,143069000000
Iraq,IRQ,2015,142503000000
Iraq,IRQ,2016,148766000000
Iraq,IRQ,2017,147223000000
Iraq,IRQ,2018,145019000000
Iraq,IRQ,2019,145019000000
Iraq,IRQ,2020,145019000000
Italy,ITA,1980,378450000
Italy,ITA,1981,378450000
Italy,ITA,1982,416295000
Italy,ITA,1983,431433000
Italy,ITA,1984,620658000
Italy,ITA,1985,635796000
Italy,ITA,1986,643365000
Italy,ITA,1987,681210000
Italy,ITA,1988,802314000
Italy,ITA,1989,764469000
Italy,ITA,1990,764469000
Italy,ITA,1991,825021000
Italy,ITA,1992,643365000
Italy,ITA,1993,643365000
Italy,ITA,1994,756900000
Italy,ITA,1995,772038000
Italy,ITA,1996,756900000
Italy,ITA,1997,643365000
Italy,ITA,1998,635796000
Italy,ITA,1999,635796000
Italy,ITA,2000,597951000
Italy,ITA,2001,567675000
Italy,ITA,2002,554096214
Italy,ITA,2003,505109645.99999994
Italy,ITA,2004,462700539
Italy,ITA,2005,459680508
Italy,ITA,2006,450484173
Italy,ITA,2007,456478821
Italy,ITA,2008,469520208
Italy,ITA,2009,527998302
Italy,ITA,2010,579755124
Italy,ITA,2011,577681218
Italy,ITA,2012,621149985
Italy,ITA,2013,603438525
Italy,ITA,2014,641904183
Italy,ITA,2015,616956759
Italy,ITA,2016,540570411
Italy,ITA,2017,592228836
Italy,ITA,2018,573972408
Italy,ITA,2019,551810376
Italy,ITA,2020,604074321
Kazakhstan,KAZ,1991,5187000000
Kazakhstan,KAZ,1992,5187000000
Kazakhstan,KAZ,1993,5187000000
Kazakhstan,KAZ,1994,5318000000
Kazakhstan,KAZ,1995,5318000000
Kazakhstan,KAZ,1996,5318000000
Kazakhstan,KAZ,1997,5318000000
Kazakhstan,KAZ,1998,5400000000
Kazakhstan,KAZ,1999,5400000000
Kazakhstan,KAZ,2000,5400000000
Kazakhstan,KAZ,2001,5400000000
Kazakhstan,KAZ,2002,5400000000
Kazakhstan,KAZ,2003,9000000000
Kazakhstan,KAZ,2004,9000000000
Kazakhstan,KAZ,2005,9000000000
Kazakhstan,KAZ,2006,9000000000
Kazakhstan,KAZ,2007,30000000000
Kazakhstan,KAZ,2008,30000000000
Kazakhstan,KAZ,2009,30000000000
Kazakhstan,KAZ,2010,30000000000
Kazakhstan,KAZ,2011,30000000000
Kazakhstan,KAZ,2012,30000000000
Kazakhstan,KAZ,2013,30000000000
Kazakhstan,KAZ,2014,30000000000
Kazakhstan,KAZ,2015,30000000000
Kazakhstan,KAZ,2016,30000000000
Kazakhstan,KAZ,2017,30000000000
Kazakhstan,KAZ,2018,30000000000
Kazakhstan,KAZ,2019,30000000000
Kazakhstan,KAZ,2020,30000000000
Kuwait,KWT,1980,67930000000.00001
Kuwait,KWT,1981,67730000000.00001
Kuwait,KWT,1982,67150000000.00001
Kuwait,KWT,1983,67000000000
Kuwait,KWT,1984,92710000000
Kuwait,KWT,1985,92464000000
Kuwait,KWT,1986,94522000000
Kuwait,KWT,1987,94525000000
Kuwait,KWT,1988,94525000000
Kuwait,KWT,1989,97125000000
Kuwait,KWT,1990,97025000000
Kuwait,KWT,1991,96500000000
Kuwait,KWT,1992,96500000000
Kuwait,KWT,1993,96500000000
Kuwait,KWT,1994,96500000000
Kuwait,KWT,1995,96500000000
Kuwait,KWT,1996,96500000000
Kuwait,KWT,1997,96500000000
Kuwait,KWT,1998,96500000000
Kuwait,KWT,1999,96500000000
Kuwait,KWT,2000,96500000000
Kuwait,KWT,2001,96500000000
Kuwait,KWT,2002,96500000000
Kuwait,KWT,2003,99000000000
Kuwait,KWT,2004,101500000000
Kuwait,KWT,2005,101500000000
Kuwait,KWT,2006,101500000000
Kuwait,KWT,2007,101500000000
Kuwait,KWT,2008,101500000000
Kuwait,KWT,2009,101500000000
Kuwait,KWT,2010,101500000000
Kuwait,KWT,2011,101500000000
Kuwait,KWT,2012,101500000000
Kuwait,KWT,2013,101500000000
Kuwait,KWT,2014,101500000000
Kuwait,KWT,2015,101500000000
Kuwait,KWT,2016,101500000000
Kuwait,KWT,2017,101500000000
Kuwait,KWT,2018,101500000000
Kuwait,KWT,2019,101500000000
Kuwait,KWT,2020,101500000000
Libya,LBY,1980,20330000000
Libya,LBY,1981,22600000000
Libya,LBY,1982,22186000000
Libya,LBY,1983,21784000000
Libya,LBY,1984,21425000000
Libya,LBY,1985,21300000000
Libya,LBY,1986,22800000000
Libya,LBY,1987,22800000000
Libya,LBY,1988,22800000000
Libya,LBY,1989,22800000000
Libya,LBY,1990,22800000000
Libya,LBY,1991,22800000000
Libya,LBY,1992,22800000000
Libya,LBY,1993,22800000000
Libya,LBY,1994,22800000000
Libya,LBY,1995,29500000000
Libya,LBY,1996,29500000000
Libya,LBY,1997,29500000000
Libya,LBY,1998,29500000000
Libya,LBY,1999,29500000000
Libya,LBY,2000,36000000000
Libya,LBY,2001,36000000000
Libya,LBY,2002,36000000000
Libya,LBY,2003,39126000000
Libya,LBY,2004,39126000000
Libya,LBY,2005,41464000000
Libya,LBY,2006,41464000000
Libya,LBY,2007,43663000000
Libya,LBY,2008,44271000000
Libya,LBY,2009,46422000000
Libya,LBY,2010,47097000000
Libya,LBY,2011,48014000000
Libya,LBY,2012,48472000000
Libya,LBY,2013,48363000000
Libya,LBY,2014,48363000000
Libya,LBY,2015,48363000000
Libya,LBY,2016,48363000000
Libya,LBY,2017,48363000000
Libya,LBY,2018,48363000000
Libya,LBY,2019,48363000000
Libya,LBY,2020,48363000000
Malaysia,MYS,1980,1450251000
Malaysia,MYS,1981,1438965000
Malaysia,MYS,1982,1611390000
Malaysia,MYS,1983,1850904000
Malaysia,MYS,1984,1922382000
Malaysia,MYS,1985,1895421000
Malaysia,MYS,1986,1822062000
Malaysia,MYS,1987,1832094000
Malaysia,MYS,1988,1914858000
Malaysia,MYS,1989,1845261000
Malaysia,MYS,1990,1909215000
Malaysia,MYS,1991,3519978000
Malaysia,MYS,1992,3834105000
Malaysia,MYS,1993,2696100000
Malaysia,MYS,1994,2578224000
Malaysia,MYS,1995,2508000000
Malaysia,MYS,1996,2413950000
Malaysia,MYS,1997,2432760000
Malaysia,MYS,1998,2144340000.0000002
Malaysia,MYS,1999,2125530000
Malaysia,MYS,2000,2125530000
Malaysia,MYS,2001,2652210000
Malaysia,MYS,2002,2852850000
Malaysia,MYS,2003,3028410000
Malaysia,MYS,2004,3323100000
Malaysia,MYS,2005,3294258000
Malaysia,MYS,2006,2706132000
Malaysia,MYS,2007,3422166000
Malaysia,MYS,2008,3459159000
Malaysia,MYS,2009,3634000000
Malaysia,MYS,2010,3572000000
Malaysia,MYS,2011,3739000000
Malaysia,MYS,2012,3688000000
Malaysia,MYS,2013,3800000000
Malaysia,MYS,2014,3600000000
Malaysia,MYS,2015,3018000000
Malaysia,MYS,2016,2835600000
Malaysia,MYS,2017,2731800000
Malaysia,MYS,2018,2731800000
Malaysia,MYS,2019,2731800000
Malaysia,MYS,2020,2731800000
Mexico,MEX,1980,47224000000
Mexico,MEX,1981,52900000000
Mexico,MEX,1982,54999000000
Mexico,MEX,1983,54999000000
Mexico,MEX,1984,29773300000
Mexico,MEX,1985,29371100000
Mexico,MEX,1986,29013800000
Mexico,MEX,1987,28488300000
Mexico,MEX,1988,27890600000
Mexico,MEX,1989,27316200000
Mexico,MEX,1990,26904000000
Mexico,MEX,1991,26740900000
Mexico,MEX,1992,26852400000
Mexico,MEX,1993,26601100000
Mexico,MEX,1994,26035600000
Mexico,MEX,1995,25434400000
Mexico,MEX,1996,24948300000
Mexico,MEX,1997,39016000000
Mexico,MEX,1998,41064000000
Mexico,MEX,1999,24700130000
Mexico,MEX,2000,24631280000
Mexico,MEX,2001,23660380000
Mexico,MEX,2002,22419040000
Mexico,MEX,2003,15123560000
Mexico,MEX,2004,14119620000
Mexico,MEX,2005,12882180000
Mexico,MEX,2006,11813850000
Mexico,MEX,2007,11047570000
Mexico,MEX,2008,10501240000
Mexico,MEX,2009,10404200000
Mexico,MEX,2010,10419600000
Mexico,MEX,2011,10161000000
Mexico,MEX,2012,10025000000
Mexico,MEX,2013,10073190000
Mexico,MEX,2014,9812090000
Mexico,MEX,2015,9710970000
Mexico,MEX,2016,7640710000
Mexico,MEX,2017,7037010000
Mexico,MEX,2018,6464170000
Mexico,MEX,2019,6065880000
Mexico,MEX,2020,6065880000
Middle East,,1980,362411087000
Middle East,,1981,365265147000
Middle East,,1982,388902022000
Middle East,,1983,396920800000
Middle East,,1984,430755250000
Middle East,,1985,431731710000
Middle East,,1986,537127700000
Middle East,,1987,566576900000
Middle East,,1988,653034619000
Middle East,,1989,661029383000
Middle East,,1990,659614400000
Middle East,,1991,660820289000
Middle East,,1992,661593418000
Middle East,,1993,661932351000
Middle East,,1994,663562195000
Middle East,,1995,663308307000
Middle East,,1996,673995290000
Middle East,,1997,683228330000
Middle East,,1998,685241730000
Middle East,,1999,685833710000
Middle East,,2000,696688570000
Middle East,,2001,698667390000
Middle East,,2002,741345860000
Middle East,,2003,745742040000
Middle East,,2004,750073380000
Middle East,,2005,755531460000
Middle East,,2006,755866720000
Middle East,,2007,752851500000
Middle East,,2008,753685500000
Middle East,,2009,753116040000
Middle East,,2010,765946940000
Middle East,,2011,797936800000
Middle East,,2012,799258300000
Middle East,,2013,802897985000
Middle East,,2014,803072253000
Middle East,,2015,802925053000
Middle East,,2016,807737910000
Middle East,,2017,834333230000
Middle East,,2018,833863730000
Middle East,,2019,836008430000
Middle East,,2020,835941691000
Nigeria,NGA,1980,16700000000
Nigeria,NGA,1981,16500000000
Nigeria,NGA,1982,16750000000
Nigeria,NGA,1983,16550000000
Nigeria,NGA,1984,16649999999.999998
Nigeria,NGA,1985,16600000000.000002
Nigeria,NGA,1986,16065999999.999998
Nigeria,NGA,1987,15980000000
Nigeria,NGA,1988,16000000000
Nigeria,NGA,1989,16000000000
Nigeria,NGA,1990,17100000000.000002
Nigeria,NGA,1991,20000000000
Nigeria,NGA,1992,20991000000
Nigeria,NGA,1993,20991000000
Nigeria,NGA,1994,20991000000
Nigeria,NGA,1995,20828000000
Nigeria,NGA,1996,20828000000
Nigeria,NGA,1997,20828000000
Nigeria,NGA,1998,22500000000
Nigeria,NGA,1999,29000000000
Nigeria,NGA,2000,29000000000
Nigeria,NGA,2001,31506000000
Nigeria,NGA,2002,34348999999.999996
Nigeria,NGA,2003,35255000000
Nigeria,NGA,2004,35876000000
Nigeria,NGA,2005,36220000000
Nigeria,NGA,2006,37200000000
Nigeria,NGA,2007,37200000000
Nigeria,NGA,2008,37200000000
Nigeria,NGA,2009,37200000000
Nigeria,NGA,2010,37200000000
Nigeria,NGA,2011,36247000000
Nigeria,NGA,2012,37139000000
Nigeria,NGA,2013,37071000000
Nigeria,NGA,2014,37448000000
Nigeria,NGA,2015,37062000000
Nigeria,NGA,2016,37453000000
Nigeria,NGA,2017,37453000000
Nigeria,NGA,2018,36972000000
Nigeria,NGA,2019,36890000000
Nigeria,NGA,2020,36890000000
Non-OECD,,1980,541081050000
Non-OECD,,1981,543414747500
Non-OECD,,1982,573673005800
Non-OECD,,1983,585057271600
Non-OECD,,1984,622083398500
Non-OECD,,1985,649040611000
Non-OECD,,1986,754722060400
Non-OECD,,1987,786121072800
Non-OECD,,1988,873797615600
Non-OECD,,1989,876499112400
Non-OECD,,1990,878774287300
Non-OECD,,1991,952461693200
Non-OECD,,1992,955235581100
Non-OECD,,1993,956522685600
Non-OECD,,1994,962315179400
Non-OECD,,1995,969876173000
Non-OECD,,1996,990990834400
Non-OECD,,1997,1003958832000
Non-OECD,,1998,1011235491000
Non-OECD,,1999,1018409503000
Non-OECD,,2000,1038246447000
Non-OECD,,2001,1045960051999.9999
Non-OECD,,2002,1099287035000
Non-OECD,,2003,1110969451000
Non-OECD,,2004,1120051167000
Non-OECD,,2005,1127857195000
Non-OECD,,2006,1142564650000
Non-OECD,,2007,1178608384000
Non-OECD,,2008,1254898070000
Non-OECD,,2009,1295695079000
Non-OECD,,2010,1398344739000
Non-OECD,,2011,1431481631000
Non-OECD,,2012,1436329902000
Non-OECD,,2013,1441348448000
Non-OECD,,2014,1440827562000
Non-OECD,,2015,1437120276000
Non-OECD,,2016,1445648686000
Non-OECD,,2017,1471478689000
Non-OECD,,2018,1472395264000
Non-OECD,,2019,1473329778000
Non-OECD,,2020,1472403482000
North America,,1980,123284523100
North America,,1981,129569335900
North America,,1982,130390095199.99998
North America,,1983,131126260500
North America,,1984,106394066900
North America,,1985,106670138400
North America,,1986,105169801100
North America,,1987,105092560600
North America,,1988,104421359900
North America,,1989,102881902100
North America,,1990,101037835900
North America,,1991,98985261170
North America,,1992,97682390730
North America,,1993,96275821820
North America,,1994,103811805700
North America,,1995,103550956400
North America,,1996,103730927600
North America,,1997,118338094400
North America,,1998,119445087900
North America,,1999,235931580400
North America,,2000,236524977500
North America,,2001,235040328100
North America,,2002,233490045500
North America,,2003,224376506900
North America,,2004,222994666600
North America,,2005,222848289100
North America,,2006,220619810300
North America,,2007,220341595000
North America,,2008,215247160900
North America,,2009,216291416800
North America,,2010,220257621000
North America,,2011,224112873000
North America,,2012,227921100400
North America,,2013,231573726700
North America,,2014,236930084600
North America,,2015,229210277900
North America,,2016,228135033600
North America,,2017,240061692500
North America,,2018,246090359000
North America,,2019,243947789600
North America,,2020,242910490800
Norway,NOR,1980,3952061556
Norway,NOR,1981,3954959664
Norway,NOR,1982,3816583827
Norway,NOR,1983,4887010897
Norway,NOR,1984,4961909004
Norway,NOR,1985,5902660486
Norway,NOR,1986,6493355229
Norway,NOR,1987,6636084573
Norway,NOR,1988,8156469050
Norway,NOR,1989,8421635060
Norway,NOR,1990,8630572701
Norway,NOR,1991,8811083502
Norway,NOR,1992,9742750297
Norway,NOR,1993,9566066833
Norway,NOR,1994,9704442248
Norway,NOR,1995,10804390670
Norway,NOR,1996,11682216400
Norway,NOR,1997,12040821640
Norway,NOR,1998,11663025430
Norway,NOR,1999,10937958330
Norway,NOR,2000,11366245080
Norway,NOR,2001,11596971130
Norway,NOR,2002,10448168230
Norway,NOR,2003,10149069390
Norway,NOR,2004,9721941885
Norway,NOR,2005,9688088320
Norway,NOR,2006,8545747276
Norway,NOR,2007,8168358631
Norway,NOR,2008,7490797936
Norway,NOR,2009,7077699102
Norway,NOR,2010,6803992191
Norway,NOR,2011,6883336853
Norway,NOR,2012,7494603397
Norway,NOR,2013,7047489708
Norway,NOR,2014,6539223922
Norway,NOR,2015,8005041225.999999
Norway,NOR,2016,7601219652
Norway,NOR,2017,7917996888
Norway,NOR,2018,8644514705
Norway,NOR,2019,8522989623.999999
Norway,NOR,2020,7901704611
OECD,,1980,141539935400
OECD,,1981,147726769600
OECD,,1982,148564083600
OECD,,1983,149081925400
OECD,,1984,124278338600
OECD,,1985,125215240700
OECD,,1986,124864079500
OECD,,1987,124984759600
OECD,,1988,125693247300
OECD,,1989,123675584100
OECD,,1990,122131545700
OECD,,1991,120388448900
OECD,,1992,121621445100
OECD,,1993,119822640400
OECD,,1994,127842907800
OECD,,1995,128828313900.00002
OECD,,1996,130263182800.00002
OECD,,1997,145224177200
OECD,,1998,146391821700
OECD,,1999,261854376700
OECD,,2000,262677629100
OECD,,2001,261243752900
OECD,,2002,257789775100
OECD,,2003,247342420900
OECD,,2004,245217820600
OECD,,2005,244636780300
OECD,,2006,240701046600
OECD,,2007,239717199000
OECD,,2008,233997187900
OECD,,2009,234593708200
OECD,,2010,238541924600
OECD,,2011,242778029900
OECD,,2012,247236824600
OECD,,2013,250546406700
OECD,,2014,253609933400
OECD,,2015,246782742600
OECD,,2016,244632693600
OECD,,2017,256692618499.99997
OECD,,2018,263748755599.99997
OECD,,2019,261480759300
OECD,,2020,259962693300
Oman,OMN,1980,2484000000
Oman,OMN,1981,2942000000
Oman,OMN,1982,3400000000
Oman,OMN,1983,3500000000
Oman,OMN,1984,3900000000
Oman,OMN,1985,4067000000
Oman,OMN,1986,4037000000
Oman,OMN,1987,4105200000
Oman,OMN,1988,4142000000.0000005
Oman,OMN,1989,4290899999.9999995
Oman,OMN,1990,4353000000
Oman,OMN,1991,4350000000
Oman,OMN,1992,4740000000
Oman,OMN,1993,5000000000
Oman,OMN,1994,5100000000
Oman,OMN,1995,5200000000
Oman,OMN,1996,5300000000
Oman,OMN,1997,5399000000
Oman,OMN,1998,5400000000
Oman,OMN,1999,5744000000
Oman,OMN,2000,5848000000
Oman,OMN,2001,5900000000
Oman,OMN,2002,5706000000
Oman,OMN,2003,5572000000
Oman,OMN,2004,5572000000
Oman,OMN,2005,5572000000
Oman,OMN,2006,5572000000
Oman,OMN,2007,5572000000
Oman,OMN,2008,5572000000
Oman,OMN,2009,5500000000
Oman,OMN,2010,5500000000
Oman,OMN,2011,5500000000
Oman,OMN,2012,5500000000
Oman,OMN,2013,4974300000
Oman,OMN,2014,5151000000
Oman,OMN,2015,5306000000
Oman,OMN,2016,5373000000
Oman,OMN,2017,5373000000
Oman,OMN,2018,5373000000
Oman,OMN,2019,5373000000
Oman,OMN,2020,5373000000
Peru,PER,1980,628445000
Peru,PER,1981,882037000
Peru,PER,1982,775145000
Peru,PER,1983,696324000
Peru,PER,1984,670446000
Peru,PER,1985,589000000
Peru,PER,1986,535800000.00000006
Peru,PER,1987,480400000
Peru,PER,1988,853000000
Peru,PER,1989,847000000
Peru,PER,1990,823200000
Peru,PER,1991,821800000
Peru,PER,1992,802600000
Peru,PER,1993,799467000
Peru,PER,1994,830892000
Peru,PER,1995,808110000
Peru,PER,1996,773521000
Peru,PER,1997,758410000
Peru,PER,1998,937383000
Peru,PER,1999,890600000
Peru,PER,2000,905620000
Peru,PER,2001,979376000
Peru,PER,2002,952891000
Peru,PER,2003,929553000
Peru,PER,2004,1097303000
Peru,PER,2005,1078258000
Peru,PER,2006,1097288000
Peru,PER,2007,1121480000
Peru,PER,2008,1121480000
Peru,PER,2009,1121480000
Peru,PER,2010,1240000000
Peru,PER,2011,1206200000
Peru,PER,2012,1422700000
Peru,PER,2013,1616952000
Peru,PER,2014,1409846000
Peru,PER,2015,1187285000
Peru,PER,2016,1224601000
Peru,PER,2017,985075000
Peru,PER,2018,858890000
Peru,PER,2019,803176687
Peru,PER,2020,746346029
Qatar,QAT,1980,3585000000
Qatar,QAT,1981,3450000000
Qatar,QAT,1982,3425000000
Qatar,QAT,1983,3330000000
Qatar,QAT,1984,4500000000
Qatar,QAT,1985,4500000000
Qatar,QAT,1986,4500000000
Qatar,QAT,1987,4500000000
Qatar,QAT,1988,4500000000
Qatar,QAT,1989,4500000000
Qatar,QAT,1990,2993000000
Qatar,QAT,1991,2993000000
Qatar,QAT,1992,3121000000
Qatar,QAT,1993,3121000000
Qatar,QAT,1994,3500000000
Qatar,QAT,1995,3700000000
Qatar,QAT,1996,3700000000
Qatar,QAT,1997,12500000000
Qatar,QAT,1998,13485500000
Qatar,QAT,1999,13102800000
Qatar,QAT,2000,16866700000.000002
Qatar,QAT,2001,16836099999.999998
Qatar,QAT,2002,27595600000
Qatar,QAT,2003,27015700000
Qatar,QAT,2004,26864820000
Qatar,QAT,2005,27910200000
Qatar,QAT,2006,27436200000
Qatar,QAT,2007,27323000000
Qatar,QAT,2008,26833000000
Qatar,QAT,2009,25907000000
Qatar,QAT,2010,24684000000
Qatar,QAT,2011,23900000000
Qatar,QAT,2012,25229000000
Qatar,QAT,2013,25063000000
Qatar,QAT,2014,25705000000
Qatar,QAT,2015,25244000000
Qatar,QAT,2016,25244000000
Qatar,QAT,2017,25244000000
Qatar,QAT,2018,25244000000
Qatar,QAT,2019,25244000000
Qatar,QAT,2020,25244000000
Romania,ROU,1980,1090193000
Romania,ROU,1981,1005513000.0000001
Romania,ROU,1982,959260000
Romania,ROU,1983,1594940000
Romania,ROU,1984,1510600000
Romania,ROU,1985,1442000000
Romania,ROU,1986,1362000000
Romania,ROU,1987,1286000000
Romania,ROU,1988,1231000000
Romania,ROU,1989,1199000000
Romania,ROU,1990,1520000000
Romania,ROU,1991,1491000000
Romania,ROU,1992,1244800000
Romania,ROU,1993,1007500000.0000001
Romania,ROU,1994,1000400000
Romania,ROU,1995,1005800000
Romania,ROU,1996,980400000
Romania,ROU,1997,931300000
Romania,ROU,1998,1162900000
Romania,ROU,1999,1225300000
Romania,ROU,2000,1169900000
Romania,ROU,2001,1154000000
Romania,ROU,2002,508100000
Romania,ROU,2003,493800000
Romania,ROU,2004,468200000
Romania,ROU,2005,458400000
Romania,ROU,2006,477700000
Romania,ROU,2007,480000000
Romania,ROU,2008,480000000
Romania,ROU,2009,600000000
Romania,ROU,2010,600000000
Romania,ROU,2011,600000000
Romania,ROU,2012,600000000
Romania,ROU,2013,600000000
Romania,ROU,2014,600000000
Romania,ROU,2015,600000000
Romania,ROU,2016,600000000
Romania,ROU,2017,600000000
Romania,ROU,2018,600000000
Romania,ROU,2019,600000000
Romania,ROU,2020,600000000
Russia,RUS,1980,67000000000
Russia,RUS,1981,63000000000
Russia,RUS,1982,63000000000
Russia,RUS,1983,63000000000
Russia,RUS,1984,63000000000
Russia,RUS,1985,63000000000
Russia,RUS,1986,61000000000
Russia,RUS,1987,59000000000
Russia,RUS,1988,59000000000
Russia,RUS,1989,58500000000
Russia,RUS,1990,58400000000
Russia,RUS,1991,116149265000
Russia,RUS,1992,116149265000
Russia,RUS,1993,115076683000
Russia,RUS,1994,115076683000
Russia,RUS,1995,113607231000
Russia,RUS,1996,113607231000
Russia,RUS,1997,113111993400
Russia,RUS,1998,113111993400
Russia,RUS,1999,112112022600
Russia,RUS,2000,112112022600
Russia,RUS,2001,111295177000
Russia,RUS,2002,109677250600
Russia,RUS,2003,107766699000
Russia,RUS,2004,105463680000
Russia,RUS,2005,104404815000
Russia,RUS,2006,104033724000
Russia,RUS,2007,106427029000
Russia,RUS,2008,106366166000
Russia,RUS,2009,105563953000
Russia,RUS,2010,105800351800
Russia,RUS,2011,105709449600
Russia,RUS,2012,105491586000
Russia,RUS,2013,105016416400
Russia,RUS,2014,103163892000
Russia,RUS,2015,102375200000
Russia,RUS,2016,106282890000
Russia,RUS,2017,106591534000
Russia,RUS,2018,107220779400
Russia,RUS,2019,107804239200
Russia,RUS,2020,107804239200
Saudi Arabia,SAU,1980,168030000000
Saudi Arabia,SAU,1981,167850000000
Saudi Arabia,SAU,1982,165484000000
Saudi Arabia,SAU,1983,168848000000
Saudi Arabia,SAU,1984,171710000000
Saudi Arabia,SAU,1985,171490000000
Saudi Arabia,SAU,1986,169744000000
Saudi Arabia,SAU,1987,169585000000
Saudi Arabia,SAU,1988,254989000000
Saudi Arabia,SAU,1989,260050000000
Saudi Arabia,SAU,1990,260341999999.99997
Saudi Arabia,SAU,1991,260935999999.99997
Saudi Arabia,SAU,1992,261202999999.99997
Saudi Arabia,SAU,1993,261355000000.00003
Saudi Arabia,SAU,1994,261374000000.00003
Saudi Arabia,SAU,1995,261450000000
Saudi Arabia,SAU,1996,261444000000.00003
Saudi Arabia,SAU,1997,261541000000
Saudi Arabia,SAU,1998,261541999999.99997
Saudi Arabia,SAU,1999,262784000000
Saudi Arabia,SAU,2000,262766000000.00003
Saudi Arabia,SAU,2001,262697000000
Saudi Arabia,SAU,2002,262790000000.00003
Saudi Arabia,SAU,2003,262730000000.00003
Saudi Arabia,SAU,2004,264310000000
Saudi Arabia,SAU,2005,264211000000
Saudi Arabia,SAU,2006,264250999999.99997
Saudi Arabia,SAU,2007,264209000000
Saudi Arabia,SAU,2008,264063000000
Saudi Arabia,SAU,2009,264589999999.99997
Saudi Arabia,SAU,2010,264516000000.00003
Saudi Arabia,SAU,2011,265404999999.99997
Saudi Arabia,SAU,2012,265850000000.00003
Saudi Arabia,SAU,2013,265789000000
Saudi Arabia,SAU,2014,266577999999.99997
Saudi Arabia,SAU,2015,266454999999.99997
Saudi Arabia,SAU,2016,266208000000.00003
Saudi Arabia,SAU,2017,295958000000
Saudi Arabia,SAU,2018,297671000000
Saudi Arabia,SAU,2019,297578000000
Saudi Arabia,SAU,2020,297527000000
South & Central America,,1980,26337211940
South & Central America,,1981,26805090160
South & Central America,,1982,31945447280
South & Central America,,1983,33053462740
South & Central America,,1984,35837852980
South & Central America,,1985,62409300340
South & Central America,,1986,64062952550.00001
South & Central America,,1987,67455415530
South & Central America,,1988,68610477380.00001
South & Central America,,1989,68895534010
South & Central America,,1990,70961528740
South & Central America,,1991,73922936340
South & Central America,,1992,77416585010
South & Central America,,1993,79162739190
South & Central America,,1994,80031593370
South & Central America,,1995,82332161450
South & Central America,,1996,89305144800
South & Central America,,1997,91911968890
South & Central America,,1998,93849402490
South & Central America,,1999,95938153570
South & Central America,,2000,96010356690
South & Central America,,2001,97624058660
South & Central America,,2002,98998794810
South & Central America,,2003,99063840760
South & Central America,,2004,101958243600
South & Central America,,2005,101408716900
South & Central America,,2006,108782928700
South & Central America,,2007,121450222300
South & Central America,,2008,194269567500
South & Central America,,2009,233303814100
South & Central America,,2010,320078314400
South & Central America,,2011,321688309600
South & Central America,,2012,322312061200
South & Central America,,2013,323638720500
South & Central America,,2014,325515019500
South & Central America,,2015,322824111900
South & Central America,,2016,322741500400
South & Central America,,2017,322719966000
South & Central America,,2018,324387952000
South & Central America,,2019,324033531400
South & Central America,,2020,323366120300
South Sudan,SSD,2012,3500000000
South Sudan,SSD,2013,3500000000
South Sudan,SSD,2014,3500000000
South Sudan,SSD,2015,3500000000
South Sudan,SSD,2016,3500000000
South Sudan,SSD,2017,3500000000
South Sudan,SSD,2018,3500000000
South Sudan,SSD,2019,3500000000
South Sudan,SSD,2020,3500000000
Sudan,SDN,1980,0
Sudan,SDN,1981,200000000
Sudan,SDN,1982,400000000
Sudan,SDN,1983,300000000
Sudan,SDN,1984,300000000
Sudan,SDN,1985,300000000
Sudan,SDN,1986,300000000
Sudan,SDN,1987,300000000
Sudan,SDN,1988,300000000
Sudan,SDN,1989,300000000
Sudan,SDN,1990,300000000
Sudan,SDN,1991,300000000
Sudan,SDN,1992,300000000
Sudan,SDN,1993,300000000
Sudan,SDN,1994,300000000
Sudan,SDN,1995,300000000
Sudan,SDN,1996,300000000
Sudan,SDN,1997,262100000
Sudan,SDN,1998,262100000
Sudan,SDN,1999,262100000
Sudan,SDN,2000,262100000
Sudan,SDN,2001,563000000
Sudan,SDN,2002,563000000
Sudan,SDN,2003,563000000
Sudan,SDN,2004,563000000
Sudan,SDN,2005,563000000
Sudan,SDN,2006,5000000000
Sudan,SDN,2007,5000000000
Sudan,SDN,2008,5000000000
Sudan,SDN,2009,5000000000
Sudan,SDN,2010,5000000000
Sudan,SDN,2011,5000000000
Sudan,SDN,2012,1500000000
Sudan,SDN,2013,1500000000
Sudan,SDN,2014,1500000000
Sudan,SDN,2015,1500000000
Sudan,SDN,2016,1500000000
Sudan,SDN,2017,1500000000
Sudan,SDN,2018,1500000000
Sudan,SDN,2019,1500000000
Sudan,SDN,2020,1500000000
Syria,SYR,1980,1452028000
Syria,SYR,1981,1890000000
Syria,SYR,1982,1750000000
Syria,SYR,1983,1460000000
Syria,SYR,1984,1397500000
Syria,SYR,1985,1540000000
Syria,SYR,1986,1620000000
Syria,SYR,1987,1720000000
Syria,SYR,1988,1800000000
Syria,SYR,1989,2000000000
Syria,SYR,1990,1880000000
Syria,SYR,1991,3000000000
Syria,SYR,1992,3000000000
Syria,SYR,1993,2950000000
Syria,SYR,1994,2650000000
Syria,SYR,1995,2558400000
Syria,SYR,1996,2450000000
Syria,SYR,1997,2345000000
Syria,SYR,1998,2300000000
Syria,SYR,1999,2300000000
Syria,SYR,2000,2325000000
Syria,SYR,2001,2325000000
Syria,SYR,2002,2280000000
Syria,SYR,2003,2395000000
Syria,SYR,2004,3159000000
Syria,SYR,2005,3000000000
Syria,SYR,2006,3000000000
Syria,SYR,2007,2500000000
Syria,SYR,2008,2500000000
Syria,SYR,2009,2500000000
Syria,SYR,2010,2500000000
Syria,SYR,2011,2500000000
Syria,SYR,2012,2500000000
Syria,SYR,2013,2500000000
Syria,SYR,2014,2500000000
Syria,SYR,2015,2500000000
Syria,SYR,2016,2500000000
Syria,SYR,2017,2500000000
Syria,SYR,2018,2500000000
Syria,SYR,2019,2500000000
Syria,SYR,2020,2500000000
Thailand,THA,1980,419000
Thailand,THA,1981,15209500
Thailand,THA,1982,30000000
Thailand,THA,1983,30000000
Thailand,THA,1984,58000000
Thailand,THA,1985,109000000
Thailand,THA,1986,104000000
Thailand,THA,1987,104000000
Thailand,THA,1988,104000000
Thailand,THA,1989,230700000
Thailand,THA,1990,261400000.00000003
Thailand,THA,1991,220000000
Thailand,THA,1992,178600000
Thailand,THA,1993,218100000
Thailand,THA,1994,230800000
Thailand,THA,1995,295200000
Thailand,THA,1996,241200000
Thailand,THA,1997,296300000
Thailand,THA,1998,388300000
Thailand,THA,1999,358470000
Thailand,THA,2000,515000000
Thailand,THA,2001,584000000
Thailand,THA,2002,692000000
Thailand,THA,2003,500000000
Thailand,THA,2004,527300000
Thailand,THA,2005,453000000
Thailand,THA,2006,461000000
Thailand,THA,2007,461000000
Thailand,THA,2008,454000000
Thailand,THA,2009,435000000
Thailand,THA,2010,442000000
Thailand,THA,2011,453270000
Thailand,THA,2012,448820000
Thailand,THA,2013,461800000
Thailand,THA,2014,404830000
Thailand,THA,2015,396360000
Thailand,THA,2016,349390000
Thailand,THA,2017,322500000
Thailand,THA,2018,292600000
Thailand,THA,2019,252749999.99999997
Thailand,THA,2020,252749999.99999997
Trinidad and Tobago,TTO,1980,571000000
Trinidad and Tobago,TTO,1981,571000000
Trinidad and Tobago,TTO,1982,633000000
Trinidad and Tobago,TTO,1983,540000000
Trinidad and Tobago,TTO,1984,570000000
Trinidad and Tobago,TTO,1985,612000000
Trinidad and Tobago,TTO,1986,564000000
Trinidad and Tobago,TTO,1987,619500000
Trinidad and Tobago,TTO,1988,613000000
Trinidad and Tobago,TTO,1989,618600000
Trinidad and Tobago,TTO,1990,602200000
Trinidad and Tobago,TTO,1991,572600000
Trinidad and Tobago,TTO,1992,541000000
Trinidad and Tobago,TTO,1993,560100000
Trinidad and Tobago,TTO,1994,560000000
Trinidad and Tobago,TTO,1995,656600000
Trinidad and Tobago,TTO,1996,722700000
Trinidad and Tobago,TTO,1997,706200000
Trinidad and Tobago,TTO,1998,740070000
Trinidad and Tobago,TTO,1999,820970000
Trinidad and Tobago,TTO,2000,851070000
Trinidad and Tobago,TTO,2001,960070000
Trinidad and Tobago,TTO,2002,1125070000
Trinidad and Tobago,TTO,2003,891070000
Trinidad and Tobago,TTO,2004,809000000
Trinidad and Tobago,TTO,2005,803000000
Trinidad and Tobago,TTO,2006,793800000
Trinidad and Tobago,TTO,2007,871000000
Trinidad and Tobago,TTO,2008,830000000
Trinidad and Tobago,TTO,2009,830000000
Trinidad and Tobago,TTO,2010,830000000
Trinidad and Tobago,TTO,2011,830000000
Trinidad and Tobago,TTO,2012,830000000
Trinidad and Tobago,TTO,2013,830000000
Trinidad and Tobago,TTO,2014,830000000
Trinidad and Tobago,TTO,2015,728300000
Trinidad and Tobago,TTO,2016,242982000
Trinidad and Tobago,TTO,2017,242982000
Trinidad and Tobago,TTO,2018,242982000
Trinidad and Tobago,TTO,2019,242982000
Trinidad and Tobago,TTO,2020,242982000
Tunisia,TUN,1980,2180593000
Tunisia,TUN,1981,2491400000
Tunisia,TUN,1982,2451700000
Tunisia,TUN,1983,2515440000
Tunisia,TUN,1984,1815000000
Tunisia,TUN,1985,1780000000
Tunisia,TUN,1986,1752600000
Tunisia,TUN,1987,1725000000
Tunisia,TUN,1988,1790000000
Tunisia,TUN,1989,1800000000
Tunisia,TUN,1990,1738600000
Tunisia,TUN,1991,400500000
Tunisia,TUN,1992,467500000
Tunisia,TUN,1993,369100000
Tunisia,TUN,1994,338000000
Tunisia,TUN,1995,377000000
Tunisia,TUN,1996,340000000
Tunisia,TUN,1997,313900000
Tunisia,TUN,1998,290000000
Tunisia,TUN,1999,308000000
Tunisia,TUN,2000,425200000
Tunisia,TUN,2001,526000000
Tunisia,TUN,2002,501000000
Tunisia,TUN,2003,649900000
Tunisia,TUN,2004,680700000
Tunisia,TUN,2005,560000000
Tunisia,TUN,2006,596000000
Tunisia,TUN,2007,601000000
Tunisia,TUN,2008,577000000
Tunisia,TUN,2009,425000000
Tunisia,TUN,2010,425000000
Tunisia,TUN,2011,425000000
Tunisia,TUN,2012,425000000
Tunisia,TUN,2013,425000000
Tunisia,TUN,2014,425000000
Tunisia,TUN,2015,425000000
Tunisia,TUN,2016,425000000
Tunisia,TUN,2017,425000000
Tunisia,TUN,2018,425000000
Tunisia,TUN,2019,425000000
Tunisia,TUN,2020,425000000
Turkmenistan,TKM,1991,545800000
Turkmenistan,TKM,1992,545800000
Turkmenistan,TKM,1993,545800000
Turkmenistan,TKM,1994,545800000
Turkmenistan,TKM,1995,545800000
Turkmenistan,TKM,1996,545800000
Turkmenistan,TKM,1997,546000000
Turkmenistan,TKM,1998,546000000
Turkmenistan,TKM,1999,546000000
Turkmenistan,TKM,2000,546000000
Turkmenistan,TKM,2001,546000000
Turkmenistan,TKM,2002,546000000
Turkmenistan,TKM,2003,546000000
Turkmenistan,TKM,2004,546000000
Turkmenistan,TKM,2005,546000000
Turkmenistan,TKM,2006,600000000
Turkmenistan,TKM,2007,600000000
Turkmenistan,TKM,2008,600000000
Turkmenistan,TKM,2009,600000000
Turkmenistan,TKM,2010,600000000
Turkmenistan,TKM,2011,600000000
Turkmenistan,TKM,2012,600000000
Turkmenistan,TKM,2013,600000000
Turkmenistan,TKM,2014,600000000
Turkmenistan,TKM,2015,600000000
Turkmenistan,TKM,2016,600000000
Turkmenistan,TKM,2017,600000000
Turkmenistan,TKM,2018,600000000
Turkmenistan,TKM,2019,600000000
Turkmenistan,TKM,2020,600000000
United Arab Emirates,ARE,1980,30410000000
United Arab Emirates,ARE,1981,32176000000.000004
United Arab Emirates,ARE,1982,32354000000
United Arab Emirates,ARE,1983,32340000000.000004
United Arab Emirates,ARE,1984,32490000000.000004
United Arab Emirates,ARE,1985,32990000000.000004
United Arab Emirates,ARE,1986,97203000000
United Arab Emirates,ARE,1987,98105000000
United Arab Emirates,ARE,1988,98105000000
United Arab Emirates,ARE,1989,98105000000
United Arab Emirates,ARE,1990,98100000000
United Arab Emirates,ARE,1991,98100000000
United Arab Emirates,ARE,1992,98100000000
United Arab Emirates,ARE,1993,98100000000
United Arab Emirates,ARE,1994,98100000000
United Arab Emirates,ARE,1995,98100000000
United Arab Emirates,ARE,1996,97800000000
United Arab Emirates,ARE,1997,97800000000
United Arab Emirates,ARE,1998,97800000000
United Arab Emirates,ARE,1999,97800000000
United Arab Emirates,ARE,2000,97800000000
United Arab Emirates,ARE,2001,97800000000
United Arab Emirates,ARE,2002,97800000000
United Arab Emirates,ARE,2003,97800000000
United Arab Emirates,ARE,2004,97800000000
United Arab Emirates,ARE,2005,97800000000
United Arab Emirates,ARE,2006,97800000000
United Arab Emirates,ARE,2007,97800000000
United Arab Emirates,ARE,2008,97800000000
United Arab Emirates,ARE,2009,97800000000
United Arab Emirates,ARE,2010,97800000000
United Arab Emirates,ARE,2011,97800000000
United Arab Emirates,ARE,2012,97800000000
United Arab Emirates,ARE,2013,97800000000
United Arab Emirates,ARE,2014,97800000000
United Arab Emirates,ARE,2015,97800000000
United Arab Emirates,ARE,2016,97800000000
United Arab Emirates,ARE,2017,97800000000
United Arab Emirates,ARE,2018,97800000000
United Arab Emirates,ARE,2019,97800000000
United Arab Emirates,ARE,2020,97800000000
United Kingdom,GBR,1980,8437500000
United Kingdom,GBR,1981,7875000000
United Kingdom,GBR,1982,7462500000
United Kingdom,GBR,1983,6937500000
United Kingdom,GBR,1984,6000000000
United Kingdom,GBR,1985,5625000000
United Kingdom,GBR,1986,5325000000
United Kingdom,GBR,1987,5175000000
United Kingdom,GBR,1988,4275000000.0000005
United Kingdom,GBR,1989,3825000000
United Kingdom,GBR,1990,4012500000
United Kingdom,GBR,1991,4162499999.9999995
United Kingdom,GBR,1992,4575000000
United Kingdom,GBR,1993,4537500000
United Kingdom,GBR,1994,4312500000
United Kingdom,GBR,1995,4537500000
United Kingdom,GBR,1996,4987500000
United Kingdom,GBR,1997,5175000000
United Kingdom,GBR,1998,5137500000
United Kingdom,GBR,1999,4987500000
United Kingdom,GBR,2000,4725000000
United Kingdom,GBR,2001,4537500000
United Kingdom,GBR,2002,4462500000
United Kingdom,GBR,2003,4282499999.9999995
United Kingdom,GBR,2004,3997500000
United Kingdom,GBR,2005,3870000000
United Kingdom,GBR,2006,3592500000
United Kingdom,GBR,2007,3390000000
United Kingdom,GBR,2008,3060000000
United Kingdom,GBR,2009,2835000000
United Kingdom,GBR,2010,2805000000
United Kingdom,GBR,2011,3097500000
United Kingdom,GBR,2012,3037500000
United Kingdom,GBR,2013,3030000000
United Kingdom,GBR,2014,2805000000
United Kingdom,GBR,2015,2542357500
United Kingdom,GBR,2016,2313275817
United Kingdom,GBR,2017,2500000000
United Kingdom,GBR,2018,2700000000
United Kingdom,GBR,2019,2500000000
United Kingdom,GBR,2020,2500000000
United States,USA,1980,36533000000
United States,USA,1981,36494000000
United States,USA,1982,35079000000
United States,USA,1983,35636000000
United States,USA,1984,36089000000
United States,USA,1985,36360000000
United States,USA,1986,35054000000
United States,USA,1987,35403000000
United States,USA,1988,35063000000
United States,USA,1989,34270000000.000004
United States,USA,1990,33840000000.000004
United States,USA,1991,32146000000
United States,USA,1992,31196000000
United States,USA,1993,30179000000
United States,USA,1994,29627000000
United States,USA,1995,29750000000
United States,USA,1996,29840000000
United States,USA,1997,30519000000
United States,USA,1998,28558000000
United States,USA,1999,29671000000
United States,USA,2000,30390000000
United States,USA,2001,30439000000
United States,USA,2002,30671000000
United States,USA,2003,29350000000
United States,USA,2004,29299000000
United States,USA,2005,29922000000
United States,USA,2006,29444000000
United States,USA,2007,30460000000
United States,USA,2008,28396000000
United States,USA,2009,30872000000
United States,USA,2010,34990000000
United States,USA,2011,39775000000
United States,USA,2012,44180000000
United States,USA,2013,48463000000
United States,USA,2014,54962000000
United States,USA,2015,47987000000
United States,USA,2016,49966000000
United States,USA,2017,61233000000
United States,USA,2018,68894000000
United States,USA,2019,68757000000
United States,USA,2020,68757000000
Uzbekistan,UZB,1991,262200000
Uzbekistan,UZB,1992,262200000
Uzbekistan,UZB,1993,262200000
Uzbekistan,UZB,1994,262200000
Uzbekistan,UZB,1995,262000000
Uzbekistan,UZB,1996,594200000
Uzbekistan,UZB,1997,594000000
Uzbekistan,UZB,1998,594000000
Uzbekistan,UZB,1999,594000000
Uzbekistan,UZB,2000,594000000
Uzbekistan,UZB,2001,594000000
Uzbekistan,UZB,2002,594000000
Uzbekistan,UZB,2003,594000000
Uzbekistan,UZB,2004,594000000
Uzbekistan,UZB,2005,594000000
Uzbekistan,UZB,2006,594000000
Uzbekistan,UZB,2007,594000000
Uzbekistan,UZB,2008,594000000
Uzbekistan,UZB,2009,594000000
Uzbekistan,UZB,2010,594000000
Uzbekistan,UZB,2011,594000000
Uzbekistan,UZB,2012,594000000
Uzbekistan,UZB,2013,594000000
Uzbekistan,UZB,2014,594000000
Uzbekistan,UZB,2015,594000000
Uzbekistan,UZB,2016,594000000
Uzbekistan,UZB,2017,594000000
Uzbekistan,UZB,2018,594000000
Uzbekistan,UZB,2019,594000000
Uzbekistan,UZB,2020,594000000
Venezuela,VEN,1980,19530000000
Venezuela,VEN,1981,19888000000
Venezuela,VEN,1982,24900000000
Venezuela,VEN,1983,25887000000
Venezuela,VEN,1984,28028000000
Venezuela,VEN,1985,54454000000
Venezuela,VEN,1986,55521000000
Venezuela,VEN,1987,58101000000
Venezuela,VEN,1988,58505000000
Venezuela,VEN,1989,59040000000
Venezuela,VEN,1990,60054000000
Venezuela,VEN,1991,62649000000
Venezuela,VEN,1992,63330000000
Venezuela,VEN,1993,64447999999.99999
Venezuela,VEN,1994,64876999999.99999
Venezuela,VEN,1995,66328999999.99999
Venezuela,VEN,1996,72667000000
Venezuela,VEN,1997,74931000000
Venezuela,VEN,1998,76108000000
Venezuela,VEN,1999,76848000000
Venezuela,VEN,2000,76848000000
Venezuela,VEN,2001,77685000000
Venezuela,VEN,2002,77307000000
Venezuela,VEN,2003,77226000000
Venezuela,VEN,2004,79729000000
Venezuela,VEN,2005,80012000000
Venezuela,VEN,2006,87324000000
Venezuela,VEN,2007,99377000000
Venezuela,VEN,2008,172323000000
Venezuela,VEN,2009,211173000000
Venezuela,VEN,2010,296501000000
Venezuela,VEN,2011,297571000000
Venezuela,VEN,2012,297735000000
Venezuela,VEN,2013,298353200000
Venezuela,VEN,2014,299953200000
Venezuela,VEN,2015,300878300000
Venezuela,VEN,2016,302250400000
Venezuela,VEN,2017,302808000000
Venezuela,VEN,2018,303805745000
Venezuela,VEN,2019,303805745000
Venezuela,VEN,2020,303805745000
Vietnam,VNM,1980,0
Vietnam,VNM,1981,0
Vietnam,VNM,1982,0
Vietnam,VNM,1983,0
Vietnam,VNM,1984,0
Vietnam,VNM,1985,0
Vietnam,VNM,1986,0
Vietnam,VNM,1987,21900000
Vietnam,VNM,1988,51100000
Vietnam,VNM,1989,109500000
Vietnam,VNM,1990,200750000
Vietnam,VNM,1991,240000000
Vietnam,VNM,1992,350000000
Vietnam,VNM,1993,596200000
Vietnam,VNM,1994,638700000
Vietnam,VNM,1995,764350000
Vietnam,VNM,1996,890000000
Vietnam,VNM,1997,1246400000
Vietnam,VNM,1998,1900000000
Vietnam,VNM,1999,1800000000
Vietnam,VNM,2000,1950000000
Vietnam,VNM,2001,2200000000
Vietnam,VNM,2002,2812000000
Vietnam,VNM,2003,2960000000
Vietnam,VNM,2004,3084000000
Vietnam,VNM,2005,3119207468
Vietnam,VNM,2006,3250000000
Vietnam,VNM,2007,3410000000
Vietnam,VNM,2008,4730000000
Vietnam,VNM,2009,4500000000
Vietnam,VNM,2010,4400000000
Vietnam,VNM,2011,4400000000
Vietnam,VNM,2012,4400000000
Vietnam,VNM,2013,4400000000
Vietnam,VNM,2014,4400000000
Vietnam,VNM,2015,4400000000
Vietnam,VNM,2016,4400000000
Vietnam,VNM,2017,4400000000
Vietnam,VNM,2018,4400000000
Vietnam,VNM,2019,4400000000
Vietnam,VNM,2020,4400000000
World,OWID_WRL,1980,682620985400
World,OWID_WRL,1981,691141517000
World,OWID_WRL,1982,722237089300
World,OWID_WRL,1983,734139197000
World,OWID_WRL,1984,746361737100
World,OWID_WRL,1985,774255851700
World,OWID_WRL,1986,879586140000
World,OWID_WRL,1987,911105832500
World,OWID_WRL,1988,999490862900
World,OWID_WRL,1989,1000174696000
World,OWID_WRL,1990,1000905833000
World,OWID_WRL,1991,1072850142000
World,OWID_WRL,1992,1076857025999.9999
World,OWID_WRL,1993,1076345325999.9999
World,OWID_WRL,1994,1090158087000
World,OWID_WRL,1995,1098704487000
World,OWID_WRL,1996,1121254017000
World,OWID_WRL,1997,1149183010000
World,OWID_WRL,1998,1157627313000
World,OWID_WRL,1999,1280263880000
World,OWID_WRL,2000,1300924076000
World,OWID_WRL,2001,1307203805000
World,OWID_WRL,2002,1357076810000
World,OWID_WRL,2003,1358311872000
World,OWID_WRL,2004,1365268987000
World,OWID_WRL,2005,1372493975000
World,OWID_WRL,2006,1383265696000
World,OWID_WRL,2007,1418325583000
World,OWID_WRL,2008,1488895257000
World,OWID_WRL,2009,1530288788000
World,OWID_WRL,2010,1636886664000
World,OWID_WRL,2011,1674259661000
World,OWID_WRL,2012,1683566726000
World,OWID_WRL,2013,1691894855000
World,OWID_WRL,2014,1694437496000
World,OWID_WRL,2015,1683903018000
World,OWID_WRL,2016,1690281380000
World,OWID_WRL,2017,1728171308000
World,OWID_WRL,2018,1736144020000
World,OWID_WRL,2019,1734810537000
World,OWID_WRL,2020,1732366175000
Yemen,YEM,1980,0
Yemen,YEM,1981,0
Yemen,YEM,1982,0
Yemen,YEM,1983,0
Yemen,YEM,1984,0
Yemen,YEM,1985,500000000
Yemen,YEM,1986,500000000
Yemen,YEM,1987,1050000000
Yemen,YEM,1988,2000000000
Yemen,YEM,1989,2000000000
Yemen,YEM,1990,2000000000
Yemen,YEM,1991,2009999999.9999998
Yemen,YEM,1992,2009999999.9999998
Yemen,YEM,1993,1986000000
Yemen,YEM,1994,1986000000
Yemen,YEM,1995,1986000000
Yemen,YEM,1996,1986000000
Yemen,YEM,1997,1829000000
Yemen,YEM,1998,1850000000
Yemen,YEM,1999,1850000000
Yemen,YEM,2000,2400000000
Yemen,YEM,2001,2400000000
Yemen,YEM,2002,2855000000
Yemen,YEM,2003,2850000000
Yemen,YEM,2004,3000000000
Yemen,YEM,2005,2920700000
Yemen,YEM,2006,2780000000
Yemen,YEM,2007,2670000000
Yemen,YEM,2008,2670000000
Yemen,YEM,2009,3000000000
Yemen,YEM,2010,3000000000
Yemen,YEM,2011,3000000000
Yemen,YEM,2012,3000000000
Yemen,YEM,2013,3000000000
Yemen,YEM,2014,3000000000
Yemen,YEM,2015,3000000000
Yemen,YEM,2016,3000000000
Yemen,YEM,2017,3000000000
Yemen,YEM,2018,3000000000
Yemen,YEM,2019,3000000000
Yemen,YEM,2020,3000000000